Target pages,Links
/job/index?src=eq&q=praktik*+OR+werkstudent+OR+volontariat+OR+shk&PHPSESSID=4aqhb9t23cvcsmofrojj63v761,188
/site/login,180
/job/index?tab=all&src=eq&q=praktik*+OR+werkstudent+OR+volontariat+OR+shk&PHPSESSID=f187m3m2ait0pa0gmtha6o9b03,167
/job/index?tab=internship&q=english+OR+englisch&PHPSESSID=bakf17duaovpjtpg17ka2ppjp6,166
/job/index?tab=international&q=HTML+OR+CSS&PHPSESSID=bakf17duaovpjtpg17ka2ppjp6,162
/job/index?tab=international&q=datenbank*+OR+database+OR+mysql+OR+postgres*+OR+oracle&PHPSESSID=ld2q6kclbupqtf5mpt3b8jgcn1,156
/job/index?tab=-internship&q=kultur+OR+theater+OR+verlag+OR+geisteswiss*+OR+kulturwiss*+OR+NGO+OR+redaktion&PHPSESSID=ejb3ubhgf2mc4lnuuimrnsmbm7,145
/job/index?tab=all&src=eq&q=HTML+OR+CSS&PHPSESSID=js71v5fdfr3o7f21m521e4kcb6,141
/job/index?src=eq&q=psycholo*&PHPSESSID=ejb3ubhgf2mc4lnuuimrnsmbm7,134
/job/index?tab=internship&q=bachelorarbeit+OR+masterarbeit+OR+diplomarbeit+OR+abschlussarbeit&PHPSESSID=bakf17duaovpjtpg17ka2ppjp6,132
/job/index?tab=all&q=psycholo*&PHPSESSID=ejb3ubhgf2mc4lnuuimrnsmbm7,130
/job/index?tab=all&q=trainee*&PHPSESSID=bakf17duaovpjtpg17ka2ppjp6,126
/list/cities,124
/job/index?q=sport,121
/job/index?q=%C3%BCbersetz*+OR+translate+OR+translation,120
/job/index?tab=all&q=SPSS+OR+'stata'+OR+statistik*&PHPSESSID=bakf17duaovpjtpg17ka2ppjp6,118
/job/index?tab=internship&q=umwelt*+OR+klima*+OR+renewable*+OR+erneuerbar*&PHPSESSID=ejb3ubhgf2mc4lnuuimrnsmbm7,115
/job/index?tab=all&q=studentische*&PHPSESSID=2anpp3ei7acohh9me6jqvpvlm4,110
/job/index?tab=international&q=studentische*&PHPSESSID=2anpp3ei7acohh9me6jqvpvlm4,109
/job/index?src=eq&q=linux+OR+AIX+OR+solaris+OR+freebsd+OR+irix+OR+GNU&PHPSESSID=gpe0dlb2umij0u9sbjipc1in50,108
/job/index?tab=all&q=bildung*+OR+erziehungs*+OR+p%C3%A4dagog*&PHPSESSID=bakf17duaovpjtpg17ka2ppjp6,107
/job/index?tab=internship&src=eq&q=Microsoft+OR+Excel+OR+Access+OR+Word+OR+Powerpoint+OR+MSOffice&PHPSESSID=a19q65qiu7v17rr0aob6nac396,107
/job/index?tab=all&q=chemie*&PHPSESSID=ejb3ubhgf2mc4lnuuimrnsmbm7,106
/job/index?tab=all&q=jura+OR+jurist*+OR+rechtswissenschaft&PHPSESSID=ejb3ubhgf2mc4lnuuimrnsmbm7,105
/feedback/index?context=widget&PHPSESSID=g8aiqtduhfk3bnfi3o6er0o2j5,104
/job/index?tab=all&q=geolog*+OR+geograph*+OR+mineralog*+OR+kristallo*+OR+meteo*&PHPSESSID=bakf17duaovpjtpg17ka2ppjp6,103
/job/index?tab=all&q=biolog*&PHPSESSID=bakf17duaovpjtpg17ka2ppjp6,103
/job/index?page=1&size=10,102
/job/draft,100
/docs/2011_04_21_Einstellung_eines_Angebotes_im_Jobportal.pdf,100
/job/index?tab=all&q=public+relation*+OR+(%C3%B6ffentlichkeitsarbeit)&PHPSESSID=npt5r1oenf8muoddf1l19ei911,99
/job/index?tab=-internship&src=eq&q=geolog*+OR+geograph*+OR+mineralog*+OR+kristallo*+OR+meteo*&PHPSESSID=qusfqfagm665r5i7b7i158c1i5,98
/job/index?tab=all&q=politik*&PHPSESSID=827oe4r56m7hboj7rco5jfofe7,98
/job/index?src=eq&q=nebenjob*%20OR%20honorar*%20OR%20freelanc*%20&PHPSESSID=ejb3ubhgf2mc4lnuuimrnsmbm7,97
/job/index?tab=all&q=arzt+OR+%C3%A4rztin+OR+assistenzarzt+OR+assistenz%C3%A4rztin+OR+AIP&PHPSESSID=h9pqr6uu902og4bhshd16a6847,96
/job/index?src=eq&q=java+-javascript&PHPSESSID=3its9mv68ke0dg6lrgkid72vg5,96
/widget/index,96
/job/index?tab=all&q=MySQL*+PHP*&PHPSESSID=js71v5fdfr3o7f21m521e4kcb6,95
/job/index?tab=internship&src=eq&q=praktik*+OR+werkstudent+OR+volontariat+OR+shk&PHPSESSID=dk9do3gpuseqj1jg4qp6qc9ho2,94
/job/index?tab=all&src=eq&q=Microsoft+OR+Excel+OR+Access+OR+Word+OR+Powerpoint+OR+MSOffice&PHPSESSID=frafif68v031lgsf8cqchqork6,94
/job/index?tab=international&q=umwelt*+OR+klima*+OR+renewable*+OR+erneuerbar*&PHPSESSID=bakf17duaovpjtpg17ka2ppjp6,94
/job/index?tab=all&q=umwelt*+OR+klima*+OR+renewable*+OR+erneuerbar*&PHPSESSID=ejb3ubhgf2mc4lnuuimrnsmbm7,93
/job/index?tab=internship&src=eq&q=studentische&PHPSESSID=bakf17duaovpjtpg17ka2ppjp6,92
/job/index?src=eq&q=werkstudent&PHPSESSID=m4e8o1nag307una52ou10l6ti4,91
/job/index?q=marketing,90
/job/index?src=eq&q=SHK&PHPSESSID=uqt4rpmugfkjjibmb8bt1mlqp1,90
/job/index?tab=all&src=eq&q=soziologie*&PHPSESSID=otg2nc51m428ed8fs8jabqri67,88
/job/index?tab=all&src=eq&q=informatik+OR+software+OR+hardware&PHPSESSID=660eia372idknvik1suj0u0785,88
/job/index?q=leipzig,87
/job/index?page=1&q=sport&size=50,84
/job/index?tab=all&src=eq&q=datenbank*+OR+database+OR+mysql+OR+postgres*+OR+oracle&PHPSESSID=otg2nc51m428ed8fs8jabqri67,84
/job/index?tab=all&src=eq&q=consult*&PHPSESSID=tquqrrgavnnmepmlij1lvip4r0,83
/job/index?tab=all&src=eq&q=journalis*+OR+redaktion+OR+presse&PHPSESSID=tquqrrgavnnmepmlij1lvip4r0,82
/job/index?tab=all&src=eq&q=trainee&PHPSESSID=3innv60cdgjnr3dk0t64ohk1h5,82
/job/index?tab=all&src=eq&q=accounting+OR+audit+OR+controlling+OR+finance+OR+finanz*+OR+rechnungswesen+OR+risikomanagement+OR+steuerberat*+OR+tax+OR+unternehmensrechnung+OR+wirtschaftspr%C3%BCfung&PHPSESSID=ld2q6kclbupqtf5mpt3b8jgcn1,82
/job/index?tab=all&src=eq&q=kultur+OR+theater+OR+verlag+OR+geisteswiss*+OR+kulturwiss*+OR+NGO+OR+redaktion&PHPSESSID=melicf0ft4bnvjpal5sll1gnf3,81
/job/index?tab=all&src=eq&q=marketing&PHPSESSID=660eia372idknvik1suj0u0785,81
/job/index?tab=all&src=eq&q=werkstudent&PHPSESSID=melicf0ft4bnvjpal5sll1gnf3,81
/job/index?tab=all&src=eq&q=physik&PHPSESSID=f187m3m2ait0pa0gmtha6o9b03,78
/docs/embed.html,78
/job/index?tab=all&src=eq&q=umwelt*+OR+klima*+OR+renewable*+OR+erneuerbar*&PHPSESSID=u88butln5702gqqqnaikk1di53,77
/job/index?tab=all&src=eq&q=BWL+OR+VWL&PHPSESSID=f187m3m2ait0pa0gmtha6o9b03,77
/job/index?tab=all&src=eq&q=Microsoft+OR+Excel+OR+Access+OR+Word+OR+Powerpoint+OR+MSOffice&PHPSESSID=e3j1fbvva2rb7v93s54bd9uo60,77
/job/index?tab=all&src=eq&q=bildung*+OR+erziehungs*+OR+p%C3%A4dagog*&PHPSESSID=e3j1fbvva2rb7v93s54bd9uo60,76
/job/index?tab=all&src=eq&q=trainee&PHPSESSID=e3j1fbvva2rb7v93s54bd9uo60,75
/job/index?tab=all&src=eq&q=psycholo*&PHPSESSID=e3j1fbvva2rb7v93s54bd9uo60,75
/job/index?tab=-internship&q=informatik+OR+software+OR+hardware&PHPSESSID=827oe4r56m7hboj7rco5jfofe7,75
/list/companies,74
/job/index?tab=all&src=eq&q=public+relation*+OR+(%C3%B6ffentlichkeitsarbeit)&PHPSESSID=m0khm89v8i7vvjlpf7kjfnc8a2,73
/job/index?tab=-internship&q=BWL+OR+VWL&PHPSESSID=gduhur9fd576ldsg45oslq6bp0,73
/job/index?tab=-internship&q=praktik*+OR+werkstudent+OR+volontariat+OR+shk&PHPSESSID=ejb3ubhgf2mc4lnuuimrnsmbm7,73
/job/267,70
/job/index?tab=all&q=werkstudent*&PHPSESSID=hdcjjt6jmsb1afp9q25k22r4v1,70
/job/index?tab=-internship&PHPSESSID=bgjumm7qa0u9t7hrsk3k8mrri0,68
/job/1527,66
/job/1444,64
/job/index?tab=-internship&q=consult*&PHPSESSID=gduhur9fd576ldsg45oslq6bp0,62
/job/1819,61
/job/1553,61
/job/1470,60
/job/1370?from=praktik*+OR+werkstudent+OR+volontariat+OR+shk&PHPSESSID=ejb3ubhgf2mc4lnuuimrnsmbm7,58
/job/index?tab=internship&PHPSESSID=a19q65qiu7v17rr0aob6nac396,57
/job/1490,56
/job/index?tab=internship&q=datenbank*+OR+database+OR+mysql+OR+postgres*+OR+oracle&PHPSESSID=ld2q6kclbupqtf5mpt3b8jgcn1,56
/job/2094,56
/job/1351?from=cc%3Aregiocastgmbhcokg&PHPSESSID=9kcjljf79nrc6hf4urn0q7te04,55
/job/1767,55
/job/index?tab=internship&q=marketing*&PHPSESSID=dmccrertsc87s48ftm192pjfu6,54
/job/2068?PHPSESSID=3skgh17im8oqpoabu0edsg0t10,54
/job/2196?PHPSESSID=ksbcd0u5gubn224o2doa9o36g7,54
/job/index?tab=all&q=kultur+OR+theater+OR+verlag+OR+geisteswiss*+OR+kulturwiss*+OR+NGO+OR+redaktion&PHPSESSID=bakf17duaovpjtpg17ka2ppjp6,54
/job/2024?PHPSESSID=ld2q6kclbupqtf5mpt3b8jgcn1,54
/job/1370?from=berlin*&PHPSESSID=aeal1eklde4967tbtkfm5vnme1,53
/job/2347?PHPSESSID=kk6e7q1dkdjc3l6r595rk4cbp0,53
/job/1740,53
/job/2361,52
/job/1745,52
/job/index?tab=international&PHPSESSID=7h92utnbvmb73ncnload91j7p4,52
/job/1412,52
/job/2357?from=BWL+OR+VWL&PHPSESSID=3i5d2fqopmu0v5ucoujc8fuqh1,52
/job/2196?from=trainee*&PHPSESSID=ejb3ubhgf2mc4lnuuimrnsmbm7,51
/job/1476,51
/job/1782,51
/job/1359,51
/job/1442?from=marketing*&PHPSESSID=dch96puh3q3dkmujc9nakjh7e0,50
/job/1371,50
/job/1384,50
/job/2211?PHPSESSID=b2qgu0gcunehh95j3aef03g9c3,50
/job/2196?PHPSESSID=c7l4cqs1jk2u9gcd7tpjrjofd3,50
/job/2346?from=datenbank*+OR+database+OR+mysql+OR+postgres*+OR+oracle&PHPSESSID=ld2q6kclbupqtf5mpt3b8jgcn1,50
/job/1528,50
/job/1896,50
/job/1892,50
/job/1762,49
/job/1353,49
/job/2239?PHPSESSID=fv1foli0spujd57ps93k5gbnh7,49
/job/1362,49
/job/2213?PHPSESSID=b2qgu0gcunehh95j3aef03g9c3,48
/job/1443,48
/job/1355,48
/job/2157,48
/job/1724,47
/job/1564,47
/job/1369,47
/job/index?tab=internship&q=Microsoft+OR+Excel+OR+Access+OR+Word+OR+Powerpoint+OR+MSOffice&PHPSESSID=hdcjjt6jmsb1afp9q25k22r4v1,47
/job/1523,46
/job/1395?from=Berlin*&PHPSESSID=bieidqut3dcll56rfqm0qlo4l6,46
/job/1635,46
/job/1531,46
/job/1510,46
/job/2073?from=werkstudent*&PHPSESSID=f187m3m2ait0pa0gmtha6o9b03,45
/job/1349?from=consult*&PHPSESSID=8uvn39sqfsps5utsegn112hh20,45
/job/1351?from=Berlin*&PHPSESSID=bitv9022qd2lghe58m5cs0lg75,45
/job/2376?PHPSESSID=a19q65qiu7v17rr0aob6nac396,45
/job/2060,45
/job/2170?PHPSESSID=c3hoqb9puqa0cis8nd96k2nd55,45
/job/2090,45
/job/2342,44
/job/1567,44
/job/2410?PHPSESSID=qjt632lh8p05pu5s48avp8np20,44
/job/2344?PHPSESSID=kigst4r4pfdiokkeibjhhdi561,44
/job/1461,44
/job/index?page=1,44
/job/1714,44
/job/2378?PHPSESSID=l9i2tbeahsmn5r3liqa3ket8g4,43
/job/1378,43
/job/2152,43
/job/index?tab=internship&q=accounting+OR+audit+OR+controlling+OR+finance+OR+finanz*+OR+rechnungswesen+OR+risikomanagement+OR+steuerberat*+OR+tax+OR+unternehmensrechnung+OR+wirtschaftspr%C3%BCfung&PHPSESSID=ld2q6kclbupqtf5mpt3b8jgcn1,43
/job/1401,43
/job/index?tab=-internship&q=accounting+OR+audit+OR+controlling+OR+finance+OR+finanz*+OR+rechnungswesen+OR+risikomanagement+OR+steuerberat*+OR+tax+OR+unternehmensrechnung+OR+wirtschaftspr%C3%BCfung&PHPSESSID=ld2q6kclbupqtf5mpt3b8jgcn1,43
/job/2012?from=studentische*&PHPSESSID=ejb3ubhgf2mc4lnuuimrnsmbm7,43
/job/2228?PHPSESSID=ifiumhsnk9si69u6nhoc88hjt3,43
/job/2143?from=studentische*&PHPSESSID=kr4ngij5pkb5abs637i1svfvo2,43
/job/1441,43
/job/2085,43
/job/2066?PHPSESSID=3skgh17im8oqpoabu0edsg0t10,43
/job/2175?PHPSESSID=9qovr0a6ud0vc2bo4j3b3405i5,43
/job/2401?from=consult*&PHPSESSID=9gc4aj97ital6cv1hhj1ua0bg5,43
/job/index?tab=international&q=Berlin*&PHPSESSID=bieidqut3dcll56rfqm0qlo4l6,42
/job/1585,42
/job/2275?PHPSESSID=c3hoqb9puqa0cis8nd96k2nd55,42
/job/2374?PHPSESSID=a19q65qiu7v17rr0aob6nac396,42
/job/2331,42
/job/2213?from=trainee*&PHPSESSID=f187m3m2ait0pa0gmtha6o9b03,42
/job/2210?PHPSESSID=b2qgu0gcunehh95j3aef03g9c3,42
/job/2346?from=HTML+OR+CSS&PHPSESSID=qusfqfagm665r5i7b7i158c1i5,42
/job/2185?PHPSESSID=tgtpa1n4k7qmhuskdkriffq2m1,42
/job/2306?PHPSESSID=8g6mps83trnhko1iufrjupquo4,42
/job/1313,42
/job/2411?PHPSESSID=4lr2c8iqb2074676ebt2kq6li5,42
/job/2105,42
/job/2071,42
/job/1310,42
/job/2089?from=medizin*&PHPSESSID=iq0hqeh87o9b7824a7qit9puq1,42
/job/2220?PHPSESSID=tgtpa1n4k7qmhuskdkriffq2m1,42
/job/2225?PHPSESSID=tgtpa1n4k7qmhuskdkriffq2m1,42
/job/2310?from=BWL+OR+VWL&PHPSESSID=8uvn39sqfsps5utsegn112hh20,41
/job/2278,41
/job/1350?PHPSESSID=o819k6n1jh8se64ldd4eogiaj7,41
/job/2138?from=MySQL*+PHP*&PHPSESSID=g909a6jhsq4am2ga3qo3enpo51,41
/job/2386?from=leipzig*&PHPSESSID=dmccrertsc87s48ftm192pjfu6,41
/job/1917,41
/job/2174?PHPSESSID=c7l4cqs1jk2u9gcd7tpjrjofd3,41
/job/2359,41
/job/1457,41
/job/1455,40
/job/1960,40
/job/2120,40
/job/1336,40
/job/2222?from=MySQL*+PHP*&PHPSESSID=2ergbsgqoa2u5qe9vgpgi3g8u7,40
/job/1432,40
/job/2360?PHPSESSID=7n73bv30jji45bs1dlag6oglu6,40
/job/2131?from=SAP*&PHPSESSID=8uvn39sqfsps5utsegn112hh20,40
/job/1497,40
/job/2164,40
/job/1625,40
/job/2253?PHPSESSID=2hrunps6428583e4o3e5tqkgv5,40
/job/2341,40
/job/1373,40
/job/2252?PHPSESSID=tgtpa1n4k7qmhuskdkriffq2m1,40
/job/2062,40
/job/2392?PHPSESSID=nqrpdk61jcjdregt0vf60usvj1,40
/job/2147?from=studentische*&PHPSESSID=kr4ngij5pkb5abs637i1svfvo2,39
/job/1952?from=bachelorarbeit+OR+masterarbeit+OR+diplomarbeit+OR+abschlussarbeit&PHPSESSID=bakf17duaovpjtpg17ka2ppjp6,39
/job/1557,39
/job/1468,39
/job/1544,39
/job/2096?from=marketing*&PHPSESSID=dmccrertsc87s48ftm192pjfu6,39
/job/1809,39
/job/1732,39
/job/2211?from=journalis*+OR+redaktion+OR+presse&PHPSESSID=vhau4dv4ma35cvuoc8q0b62hc1,39
/job/1485,39
/job/1935,39
/job/1453,39
/job/2251?PHPSESSID=tgtpa1n4k7qmhuskdkriffq2m1,39
/job/2131?from=mathematik*&PHPSESSID=ejb3ubhgf2mc4lnuuimrnsmbm7,39
/job/2219?PHPSESSID=tgtpa1n4k7qmhuskdkriffq2m1,38
/job/2340,38
/job/2061?PHPSESSID=3skgh17im8oqpoabu0edsg0t10,38
/job/2079,38
/job/1375,38
/job/1931,38
/job/1549,38
/job/2274,38
/job/2095?from=consult*&PHPSESSID=gduhur9fd576ldsg45oslq6bp0,38
/job/2194?PHPSESSID=tie3i28s1frdq16u3i54hqtcj5,38
/job/2144,38
/job/2092,38
/job/2222?PHPSESSID=tgtpa1n4k7qmhuskdkriffq2m1,38
/job/1769,38
/job/2273,38
/job/1707,38
/job/2044,37
/job/2387?from=deutschlandweit*&PHPSESSID=npt5r1oenf8muoddf1l19ei911,37
/job/1811,37
/job/2309?PHPSESSID=kigst4r4pfdiokkeibjhhdi561,37
/job/2322?from=werkstudent*&PHPSESSID=bakf17duaovpjtpg17ka2ppjp6,37
/job/1300,37
/job/1893,37
/job/2380?from=studentische*&PHPSESSID=bakf17duaovpjtpg17ka2ppjp6,37
/job/1548,37
/job/1439,37
/job/2093,37
/job/2038,37
/job/2400?from=english+OR+englisch&PHPSESSID=qusfqfagm665r5i7b7i158c1i5,37
/job/2055,37
/job/1346,37
/job/2076,37
/job/1623,37
/job/1540,37
/job/2106,37
/job/1891,36
/job/1467,36
/job/1772,36
/job/2114,36
/job/2041?from=consult*&PHPSESSID=f187m3m2ait0pa0gmtha6o9b03,36
/job/1489,36
/job/2172?from=english+OR+englisch&PHPSESSID=h9pqr6uu902og4bhshd16a6847,36
/job/2088?from=Android+OR+iOS+OR+iPhone+OR+ObjectiveC+OR+ObjC+OR+iPad+OR+mobile+OR+apps&PHPSESSID=bakf17duaovpjtpg17ka2ppjp6,36
/job/1388,36
/job/2033,36
/job/1361,36
/job/1409,36
/job/2007,36
/job/1309,36
/job/2397?PHPSESSID=0ks6g7135on0lv8qvs92cqh464,36
/job/2132?from=SAP*&PHPSESSID=gduhur9fd576ldsg45oslq6bp0,36
/job/1818,36
/job/1472,36
/job/1631,36
/job/1308,36
/job/1911,36
/job/2281,36
/job/2343?PHPSESSID=kigst4r4pfdiokkeibjhhdi561,35
/job/2247?PHPSESSID=tgtpa1n4k7qmhuskdkriffq2m1,35
/job/1393,35
/job/2257?from=Dresden*&PHPSESSID=8e4qq88v20g9bdqf9d8fiavid4,35
/job/2267?from=bachelorarbeit+OR+masterarbeit+OR+diplomarbeit+OR+abschlussarbeit&PHPSESSID=bieidqut3dcll56rfqm0qlo4l6,35
/job/2005,35
/job/2430?from=praktik*&PHPSESSID=bgjumm7qa0u9t7hrsk3k8mrri0,35
/job/1591,35
/job/2353?PHPSESSID=kk6e7q1dkdjc3l6r595rk4cbp0,35
/job/1495,35
/job/1327,35
/job/2202?PHPSESSID=gutgn194i8kno15pfvttutcap0,35
/job/2248?PHPSESSID=2hrunps6428583e4o3e5tqkgv5,35
/job/index?tab=internship&q=wissenschaft*&PHPSESSID=3ktsgej3mh5j4pkhd77p19p6k3,35
/job/2291,35
/job/1387,35
/job/2438?PHPSESSID=qjt632lh8p05pu5s48avp8np20,35
/job/2354?PHPSESSID=kk6e7q1dkdjc3l6r595rk4cbp0,35
/job/1790,35
/job/1342,35
/job/2203?from=sport*&PHPSESSID=vn3bobcppgc22ginfapc5fd2k5,35
/job/2239?PHPSESSID=qkmr27gin9bbqo5bgrm1fd81k2,34
/job/2316?PHPSESSID=87qgfhevpm1intvhdkfkl8bpb0,34
/job/2159?from=trainee*&PHPSESSID=tgtpa1n4k7qmhuskdkriffq2m1,34
/job/2195?PHPSESSID=tgtpa1n4k7qmhuskdkriffq2m1,34
/job/1364,34
/job/2387?from=informatik+OR+software+OR+hardware&PHPSESSID=isi9217h1mhr7q1s1aph4b9kc6,34
/job/1877,34
/job/1629,34
/job/2265?PHPSESSID=r7cj2svcrf7822u88gt9ch8df6,34
/job/1518,34
/job/1502,34
/job/2059,34
/job/1500,34
/job/1488,34
/job/1927,34
/job/2426?PHPSESSID=3akqs7r1l2glnqnqka3ckgni97,34
/job/1372,34
/job/2321?from=werkstudent*&PHPSESSID=bakf17duaovpjtpg17ka2ppjp6,34
/job/2373?PHPSESSID=l9i2tbeahsmn5r3liqa3ket8g4,34
/job/2430,33
/job/2258?from=SPSS+OR+'stata'+OR+statistik*&PHPSESSID=3lmhjli2rhk515srd7um8q4tq4,33
/job/2389,33
/job/2308,33
/job/1781,33
/job/2256?from=MySQL*+PHP*&PHPSESSID=q9fl40orrarkaop47u3s3qtfk7,33
/job/2158,33
/job/1816,33
/job/1598,33
/job/1386,33
/job/1624,33
/job/1815,33
/job/2135?from=mathematik*&PHPSESSID=9n47tg9phlfmo0u6d8rfnohsv7,33
/job/2104?from=consult*&PHPSESSID=9gc4aj97ital6cv1hhj1ua0bg5,33
/job/2087,33
/job/1187?PHPSESSID=jg0kpmiu4chreobdifgcua0741,33
/job/2379?from=Leipzig*&PHPSESSID=bitv9022qd2lghe58m5cs0lg75,33
/job/1483,33
/job/2367,33
/job/1730,33
/job/1376,33
/job/2011?from=studentische*&PHPSESSID=5elbli934dft43b6o8v1jadtp3,33
/job/1226,32
/job/1351,32
/job/2356?from=BWL+OR+VWL&PHPSESSID=3i5d2fqopmu0v5ucoujc8fuqh1,32
/job/2301?PHPSESSID=8g6mps83trnhko1iufrjupquo4,32
/job/1406,32
/job/1513,32
/job/2219?from=Android+OR+iOS+OR+iPhone+OR+ObjectiveC+OR+ObjC+OR+iPad+OR+mobile+OR+apps&PHPSESSID=os39a70pn2b51d6guepj91bh21,32
/job/1442,32
/job/1799,32
/job/2155,32
/job/1367,32
/job/2221?from=informatik+OR+software+OR+hardware&PHPSESSID=isi9217h1mhr7q1s1aph4b9kc6,32
/job/2133?PHPSESSID=3skgh17im8oqpoabu0edsg0t10,32
/job/2199?PHPSESSID=9vr1ublpm8mt6tbgga51499lp7,32
/job/1989,32
/job/1817,32
/job/2296?PHPSESSID=lv7dgr36h47qhcjq6bm52v4e04,32
/job/1926,32
/job/2179?PHPSESSID=9qovr0a6ud0vc2bo4j3b3405i5,32
/job/1961,32
/job/1823,32
/job/2351?PHPSESSID=kk6e7q1dkdjc3l6r595rk4cbp0,32
/job/2205?PHPSESSID=9vr1ublpm8mt6tbgga51499lp7,32
/job/1713,32
/job/1726,32
/job/2004,31
/job/1699,31
/job/1532,31
/job/2041?PHPSESSID=uj2qmdmd41tlaboauhn1l01622,31
/job/1194,31
/job/2274?from=umwelt*+OR+klima*+OR+renewable*+OR+erneuerbar*&PHPSESSID=c9dbnbhoe6k22mq4q3uovq5nv1,31
/job/2084,31
/job/1848,31
/job/1640,31
/job/1311,31
/job/1234,31
/job/2221?PHPSESSID=ifiumhsnk9si69u6nhoc88hjt3,31
/job/2246?PHPSESSID=lke3qb5955ftt83r810tik27b3,31
/job/2319?from=HTML+OR+CSS&PHPSESSID=bakf17duaovpjtpg17ka2ppjp6,31
/job/2407?PHPSESSID=0ks6g7135on0lv8qvs92cqh464,31
/job/1594,31
/job/1294,31
/job/2107,31
/job/2235?PHPSESSID=utsj9on9jr1rj44iiu18lbtdk0,31
/job/1698,31
/job/1382,31
/job/1910,31
/job/1356,31
/job/1357,31
/job/1440,31
/job/1341,31
/job/1992?PHPSESSID=gutgn194i8kno15pfvttutcap0,31
/job/1875?from=journalis*+OR+redaktion+OR+presse&PHPSESSID=h9pqr6uu902og4bhshd16a6847,31
/job/2422?PHPSESSID=3akqs7r1l2glnqnqka3ckgni97,31
/job/2345?from=sport*&PHPSESSID=os39a70pn2b51d6guepj91bh21,31
/job/2358,31
/job/2250?PHPSESSID=tgtpa1n4k7qmhuskdkriffq2m1,31
/job/2042,31
/job/1374,31
/job/2091?from=accounting+OR+audit+OR+controlling+OR+finance+OR+finanz*+OR+rechnungswesen+OR+risikomanagement+OR+steuerberat*+OR+tax+OR+unternehmensrechnung+OR+wirtschaftspr%C3%BCfung&PHPSESSID=fdbf2i73k280bmst7pt2beua40,31
/job/1498,30
/job/1345,30
/job/1968,30
/job/2376,30
/job/1437,30
/job/2339,30
/job/2350?PHPSESSID=kk6e7q1dkdjc3l6r595rk4cbp0,30
/job/2294?PHPSESSID=lv7dgr36h47qhcjq6bm52v4e04,30
/job/1515,30
/job/1558,30
/job/2032,30
/job/2274?from=medizin*&PHPSESSID=js71v5fdfr3o7f21m521e4kcb6,30
/job/1517,30
/job/1503,30
/job/1199,30
/job/2156,30
/job/1397,30
/job/2295,30
/job/2371?PHPSESSID=7ktj5iot233os96vf4d8pgvtu5,30
/job/2334,30
/job/1305,30
/job/2127?PHPSESSID=l4jnfbeaifpjolqt557861r4j0,30
/job/1458,30
/job/1583,30
/job/2161,30
/job/1721,30
/job/1466,30
/job/2171,30
/job/2317?PHPSESSID=87qgfhevpm1intvhdkfkl8bpb0,30
/job/1997,30
/job/1727,30
/job/2238?PHPSESSID=qkmr27gin9bbqo5bgrm1fd81k2,30
/job/2115?from=trainee*&PHPSESSID=hdcjjt6jmsb1afp9q25k22r4v1,30
/job/1550,30
/job/2099,30
/job/1168,29
/job/2025,29
/job/1664,29
/job/1508,29
/job/2293,29
/job/1335,29
/job/1801,29
/job/1377,29
/job/1933,29
/job/1421,29
/job/1354,29
/job/1559,29
/job/1870,29
/job/2225?from=MySQL*+PHP*&PHPSESSID=660eia372idknvik1suj0u0785,29
/job/2168?from=marketing*&PHPSESSID=vuapr6sgns87qqp6qh5h2mhj75,29
/job/2304?from=consult*&PHPSESSID=gduhur9fd576ldsg45oslq6bp0,29
/job/2411?from=marketing*&PHPSESSID=8uvn39sqfsps5utsegn112hh20,29
/job/1454,29
/job/2315,29
/job/1556,29
/job/2396?PHPSESSID=nqrpdk61jcjdregt0vf60usvj1,29
/job/1320,29
/job/1820,29
/job/1343,29
/job/2108,29
/job/1501,29
/job/2027?PHPSESSID=um7opm0e401i7km2gpthg1rd96,29
/job/index?tab=-internship&q=M%C3%BCnchen*&PHPSESSID=qanudu48p5755f4n08m4chlrs3,29
/job/2382,29
/job/1306,29
/job/2099?from=consult*&PHPSESSID=gduhur9fd576ldsg45oslq6bp0,29
/job/1946,29
/job/index?tab=internship&q=M%C3%BCnchen*&PHPSESSID=2ergbsgqoa2u5qe9vgpgi3g8u7,29
/job/1314,29
/job/1368,29
/job/2324?PHPSESSID=hvbdbc8j9nifrie9bdpltlqqj7,29
/job/1641,29
/job/1633,29
/job/1220,29
/job/2296?from=consult*&PHPSESSID=gduhur9fd576ldsg45oslq6bp0,29
/job/1526,29
/job/1379,29
/job/2361?PHPSESSID=42jj39jp5oi2ae8qc98divu4q2,29
/job/1555,29
/job/2118?from=D%C3%BCsseldorf*&PHPSESSID=a1kji2tj2u17qv2a6u5a1qbok2,29
/job/1218,29
/job/2220?from=MySQL*+PHP*&PHPSESSID=660eia372idknvik1suj0u0785,29
/job/1602,28
/job/1469,28
/job/2315?from=mathematik*&PHPSESSID=tquqrrgavnnmepmlij1lvip4r0,28
/job/1325,28
/job/2223?from=wissenschaft*&PHPSESSID=dmccrertsc87s48ftm192pjfu6,28
/job/1546,28
/job/1221?from=kultur+OR+theater+OR+verlag+OR+geisteswiss*+OR+kulturwiss*+OR+NGO+OR+redaktion&PHPSESSID=ejb3ubhgf2mc4lnuuimrnsmbm7,28
/job/2121?from=trainee*&PHPSESSID=hdcjjt6jmsb1afp9q25k22r4v1,28
/job/2279?PHPSESSID=1gcknn12mvi3df9c22ugpal6q3,28
/job/2271?from=Microsoft+OR+Excel+OR+Access+OR+Word+OR+Powerpoint+OR+MSOffice&PHPSESSID=tquqrrgavnnmepmlij1lvip4r0,28
/job/2151,28
/job/2387,28
/job/2118?from=informatik+OR+software+OR+hardware&PHPSESSID=8uvn39sqfsps5utsegn112hh20,28
/job/1609,28
/job/index?f=-internship&q=&PHPSESSID=vvmb4ab14fpe2ffn0angh9a6m5,28
/job/1473,28
/job/1492,28
/job/2325,28
/job/2166,28
/job/955,28
/job/1352,28
/job/1365,28
/job/1176,28
/job/1347,28
/job/2261?PHPSESSID=u2bfemiuh1uej9tb7s06ef98v6,28
/job/1552,28
/job/1560,28
/job/1033,28
/job/2369?from=deutschlandweit*&PHPSESSID=npt5r1oenf8muoddf1l19ei911,28
/job/2148,28
/job/1996?PHPSESSID=hvbdbc8j9nifrie9bdpltlqqj7,28
/job/1450,28
/job/index?page=1&PHPSESSID=uj2qmdmd41tlaboauhn1l01622&size=10&PHPSESSID=uj2qmdmd41tlaboauhn1l01622,28
/job/2260?PHPSESSID=6jlao3vhrqst8msmrnfhjik2k4,28
/job/1620,28
/job/1188,28
/job/1574,28
/job/1426,27
/job/1534,27
/job/1944,27
/job/1399,27
/job/1481,27
/job/2200,27
/job/1459,27
/job/2226?from=sport*&PHPSESSID=vhau4dv4ma35cvuoc8q0b62hc1,27
/job/2411?from=werkstudent*&PHPSESSID=frafif68v031lgsf8cqchqork6,27
/job/1482,27
/job/2114?PHPSESSID=uj2qmdmd41tlaboauhn1l01622,27
/job/index?tab=-internship&q=Dresden*&PHPSESSID=bieidqut3dcll56rfqm0qlo4l6,27
/job/2229?PHPSESSID=epjnla9sd48vmf3hfcjm0379j5,27
/job/2292,27
/job/2131,27
/job/1428,27
/job/index?tab=all&q=M%C3%BCnchen*&PHPSESSID=2ergbsgqoa2u5qe9vgpgi3g8u7,27
/job/index?tab=internship&q=Dresden*&PHPSESSID=bieidqut3dcll56rfqm0qlo4l6,27
/job/2001,27
/job/1286,27
/job/1994,27
/job/1525,27
/job/2423?from=umwelt*+OR+klima*+OR+renewable*+OR+erneuerbar*&PHPSESSID=isdb14rjtu6usdj620t453g4q6,27
/job/1430,27
/job/1456,27
/job/2334?from=kultur+OR+theater+OR+verlag+OR+geisteswiss*+OR+kulturwiss*+OR+NGO+OR+redaktion&PHPSESSID=bakf17duaovpjtpg17ka2ppjp6,27
/job/1509,27
/job/index?tab=all&q=Dresden*&PHPSESSID=bieidqut3dcll56rfqm0qlo4l6,27
/job/1431,27
/job/1676,27
/job/2301?from=datenbank*+OR+database+OR+mysql+OR+postgres*+OR+oracle&PHPSESSID=ld2q6kclbupqtf5mpt3b8jgcn1,27
/job/1323?from=leipzig*&PHPSESSID=2anpp3ei7acohh9me6jqvpvlm4,27
/job/1390,27
/job/2368?PHPSESSID=234vm4s1mvo8bbh4mudf0v3er5,27
/job/2278?from=accounting+OR+audit+OR+controlling+OR+finance+OR+finanz*+OR+rechnungswesen+OR+risikomanagement+OR+steuerberat*+OR+tax+OR+unternehmensrechnung+OR+wirtschaftspr%C3%BCfung&PHPSESSID=feosu1ilafbcrqmkm4ul5fkjr2,27
/job/index?q=cc:navabigmbh,27
/job/1175,27
/job/2310,27
/job/2385?from=informatik+OR+software+OR+hardware&PHPSESSID=isi9217h1mhr7q1s1aph4b9kc6,27
/job/1636,27
/job/2417?PHPSESSID=temdgp55b4ihfnnc1vsortmgn2,26
/job/2121?PHPSESSID=uj2qmdmd41tlaboauhn1l01622,26
/job/1967,26
/job/2421?from=english+OR+englisch&PHPSESSID=io7h327l12u9s04urd5gb30ag2,26
/job/1810,26
/job/1170,26
/job/963,26
/job/1494,26
/job/1880,26
/job/1656,26
/job/1953,26
/job/2117?from=BWL+OR+VWL&PHPSESSID=mog60prs1hjb3kous9sliq1bl5,26
/job/1778,26
/job/2165?from=controlling*&PHPSESSID=m0e9ii02pbq41tjo0lj7213k76,26
/job/1680,26
/job/1577,26
/job/2255,26
/job/2364?PHPSESSID=234vm4s1mvo8bbh4mudf0v3er5,26
/job/2292?from=marketing*&PHPSESSID=ejb3ubhgf2mc4lnuuimrnsmbm7,26
/job/1580,26
/job/1299,26
/job/1358,26
/job/1511,26
/job/1693,26
/job/1722,26
/job/1499,26
/job/2218?PHPSESSID=tgtpa1n4k7qmhuskdkriffq2m1,26
/job/2036,26
/job/1267,26
/job/1945,26
/job/1543,26
/job/2193,26
/job/1411,26
/job/1771,26
/job/2314,26
/job/1349,26
/job/2221,26
/job/1715,26
/job/1807,26
/job/1320?from=english+OR+englisch&PHPSESSID=827oe4r56m7hboj7rco5jfofe7,26
/job/1851,26
/job/2198?PHPSESSID=fj3k3vqdp4s95oma3b0lt7ttp5,26
/job/1533,26
/job/2179,26
/job/2212?PHPSESSID=b2qgu0gcunehh95j3aef03g9c3,26
/job/2427?from=praktik*&PHPSESSID=bgjumm7qa0u9t7hrsk3k8mrri0,26
/job/1312,26
/job/2369?from=mathematik*&PHPSESSID=3i5d2fqopmu0v5ucoujc8fuqh1,26
/job/1491,26
/job/2319,25
/job/1086,25
/job/1484,25
/job/2306?from=cc%3Auniversittleipziginstitutfrwirtschaftsinformatik&PHPSESSID=65h4hq6feqin5qqoati7qoke37,25
/job/2259?PHPSESSID=u52ds5rg4tajsje0vpq9cpkj01,25
/job/1424,25
/job/2325?from=cc%3Attzbremerhaven&PHPSESSID=8bsmrm2lj040ehnmngtb2ug9h0,25
/job/1360,25
/job/1763,25
/job/1337?from=controlling*&PHPSESSID=9209tga280jr39urmagk2082j3,25
/job/2204?from=praktik*+OR+werkstudent+OR+volontariat+OR+shk&PHPSESSID=4aqhb9t23cvcsmofrojj63v761,25
/job/1857,25
/job/2435?PHPSESSID=qjt632lh8p05pu5s48avp8np20,25
/job/1637,25
/job/2412?from=HTML+OR+CSS&PHPSESSID=hdcjjt6jmsb1afp9q25k22r4v1,25
/job/1420,25
/job/2243?PHPSESSID=lke3qb5955ftt83r810tik27b3,25
/job/1561,25
/job/2341?from=english+OR+englisch&PHPSESSID=bakf17duaovpjtpg17ka2ppjp6,25
/job/1930,25
/job/2347?from=wissenschaft*&PHPSESSID=2anpp3ei7acohh9me6jqvpvlm4,25
/job/1069,25
/job/2234?PHPSESSID=rg48km8hi2fsba0dub94jpdfi3,25
/job/1250,25
/job/1233,25
/job/1077,25
/job/2266?from=bachelorarbeit+OR+masterarbeit+OR+diplomarbeit+OR+abschlussarbeit&PHPSESSID=3innv60cdgjnr3dk0t64ohk1h5,25
/job/1619,25
/job/1832,25
/job/2228?PHPSESSID=lv7dgr36h47qhcjq6bm52v4e04,25
/job/2040,25
/job/1487,25
/job/1888,25
/job/1332,25
/job/2232?PHPSESSID=dp4dnar3losdjr3q3ksav6lfo2,25
/job/1425,25
/job/2113?from=soziologie*&PHPSESSID=ld2q6kclbupqtf5mpt3b8jgcn1,25
/job/2231?PHPSESSID=p7t043rvv24t9nv31vim13a4s6,25
/job/2073,24
/job/2207?PHPSESSID=gutgn194i8kno15pfvttutcap0,24
/job/1806,24
/job/1706,24
/job/1616,24
/job/2098,24
/job/1331,24
/job/2346,24
/job/2318?from=kultur+OR+theater+OR+verlag+OR+geisteswiss*+OR+kulturwiss*+OR+NGO+OR+redaktion&PHPSESSID=ejb3ubhgf2mc4lnuuimrnsmbm7,24
/job/2162?from=marketing*&PHPSESSID=rr04um65baeq5ec88iliqkmq70,24
/job/1528?PHPSESSID=uj2qmdmd41tlaboauhn1l01622,24
/job/1749,24
/job/1824,24
/job/2377?from=cc%3Aunistergmbh&PHPSESSID=njcregj3r6lf3qskimlecdjnf2,24
/job/1791,24
/job/2381?from=marketing*&PHPSESSID=e2j7a8n6g426hba49td34vlam0,24
/job/2279?from=bachelorarbeit+OR+masterarbeit+OR+diplomarbeit+OR+abschlussarbeit&PHPSESSID=tquqrrgavnnmepmlij1lvip4r0,24
/job/2082,24
/job/2298?PHPSESSID=lv7dgr36h47qhcjq6bm52v4e04,24
/job/1215,24
/job/2281?PHPSESSID=1gcknn12mvi3df9c22ugpal6q3,24
/job/2002,24
/job/2269?PHPSESSID=r7cj2svcrf7822u88gt9ch8df6,24
/job/2102,24
/job/1192,24
/job/2351,24
/job/1255,24
/job/2088,24
/job/1883,24
/job/1858,24
/job/2375?PHPSESSID=l9i2tbeahsmn5r3liqa3ket8g4,24
/job/2104,24
/job/1434,24
/job/1348,24
/job/2282,24
/job/1339,24
/job/1102,24
/job/2408?PHPSESSID=4lr2c8iqb2074676ebt2kq6li5,24
/job/index?q=cc:sparkassemittelthringen,24
/job/1271,24
/job/2413?PHPSESSID=kk6e7q1dkdjc3l6r595rk4cbp0,24
/job/2083?PHPSESSID=d92tg7ur1al18ieeb01phhh6t3,24
/job/1196,24
/job/2119?from=journalis*+OR+redaktion+OR+presse&PHPSESSID=h9pqr6uu902og4bhshd16a6847,23
/job/2271,23
/job/1122,23
/job/1972,23
/job/1957,23
/job/2290?PHPSESSID=pfs5d0noi4lh1s0hjobdpftv86,23
/job/2216?PHPSESSID=tgtpa1n4k7qmhuskdkriffq2m1,23
/job/1882,23
/job/1340,23
/job/1392,23
/job/1547,23
/job/1579,23
/job/1344,23
/job/2122?PHPSESSID=ashrpmn5k243djt5ie0k28k237,23
/job/2413?from=informatik+OR+software+OR+hardware&PHPSESSID=hdcjjt6jmsb1afp9q25k22r4v1,23
/job/1941,23
/job/1258,23
/job/2052,23
/job/1746,23
/job/2208?from=praktik*+OR+werkstudent+OR+volontariat+OR+shk&PHPSESSID=dk9do3gpuseqj1jg4qp6qc9ho2,23
/job/1884,23
/job/1987,23
/job/1289,23
/job/2025?from=psycholo*&PHPSESSID=iq0hqeh87o9b7824a7qit9puq1,23
/job/1716,23
/job/2424?from=praktik*&PHPSESSID=bgjumm7qa0u9t7hrsk3k8mrri0,23
/job/2291?from=marketing*&PHPSESSID=ejb3ubhgf2mc4lnuuimrnsmbm7,23
/job/1474,23
/job/1785,23
/job/2285?PHPSESSID=kigst4r4pfdiokkeibjhhdi561,23
/job/2291?PHPSESSID=pfs5d0noi4lh1s0hjobdpftv86,23
/job/2169?from=psycholo*&PHPSESSID=660eia372idknvik1suj0u0785,23
/job/1758,23
/job/2292?PHPSESSID=lv7dgr36h47qhcjq6bm52v4e04,23
/job/2283?from=consult*&PHPSESSID=os39a70pn2b51d6guepj91bh21,23
/job/2165,23
/job/1915,23
/job/2368?PHPSESSID=5b9fdqbm1hu8hjus15nhu0to26,23
/job/1507,23
/job/1812,23
/job/2386?from=marketing*&PHPSESSID=e2j7a8n6g426hba49td34vlam0,23
/job/2412?PHPSESSID=kk6e7q1dkdjc3l6r595rk4cbp0,23
/job/1334,23
/job/2258?from=controlling*&PHPSESSID=9209tga280jr39urmagk2082j3,23
/job/2434?PHPSESSID=qjt632lh8p05pu5s48avp8np20,23
/job/1590,23
/job/2428,23
/job/2217?PHPSESSID=tgtpa1n4k7qmhuskdkriffq2m1,22
/job/2364?from=kultur+OR+theater+OR+verlag+OR+geisteswiss*+OR+kulturwiss*+OR+NGO+OR+redaktion&PHPSESSID=frafif68v031lgsf8cqchqork6,22
/job/980,22
/job/2370?from=studentische*&PHPSESSID=bakf17duaovpjtpg17ka2ppjp6,22
/job/1689,22
/job/1600,22
/job/1804,22
/job/2421?from=wissenschaft*&PHPSESSID=1r2cbqmpajipidmluqf9vergr2,22
/job/1394,22
/job/2233?PHPSESSID=p7t043rvv24t9nv31vim13a4s6,22
/job/1429,22
/job/2145?from=praktik*&PHPSESSID=c7l4cqs1jk2u9gcd7tpjrjofd3,22
/job/1794,22
/job/979,22
/job/1705,22
/job/1844,22
/job/1759,22
/job/1886,22
/job/2415?PHPSESSID=kk6e7q1dkdjc3l6r595rk4cbp0,22
/job/2000,22
/job/2196,22
/job/1990,22
/job/2418?PHPSESSID=kk6e7q1dkdjc3l6r595rk4cbp0,22
/job/1438,22
/job/1780,22
/job/959,22
/job/1695,22
/job/1943?PHPSESSID=l7i5f25ece5tb4to2mgjqejtd1,22
/job/1977,22
/job/1976,22
/job/2026,22
/job/1338,22
/job/1887,22
/job/1638,22
/job/2319?from=datenbank*+OR+database+OR+mysql+OR+postgres*+OR+oracle&PHPSESSID=otg2nc51m428ed8fs8jabqri67,22
/job/2119?PHPSESSID=l4jnfbeaifpjolqt557861r4j0,22
/job/2039,22
/job/1427,22
/job/2057,22
/job/1381,22
/job/index?q=cc:globalfoundries,22
/job/1952,22
/job/2186?PHPSESSID=p2j0a3it3aq8qap9vn2d55gcn6,22
/job/1774,22
/job/1914,22
/job/2163?from=marketing*&PHPSESSID=f187m3m2ait0pa0gmtha6o9b03,21
/job/1283,21
/job/1845,21
/job/1563,21
/job/2031?PHPSESSID=uj2qmdmd41tlaboauhn1l01622,21
/job/2186?PHPSESSID=ksbcd0u5gubn224o2doa9o36g7,21
/job/2388?from=accounting+OR+audit+OR+controlling+OR+finance+OR+finanz*+OR+rechnungswesen+OR+risikomanagement+OR+steuerberat*+OR+tax+OR+unternehmensrechnung+OR+wirtschaftspr%C3%BCfung&PHPSESSID=tgtpa1n4k7qmhuskdkriffq2m1,21
/job/2162?PHPSESSID=g8aiqtduhfk3bnfi3o6er0o2j5,21
/job/2074,21
/job/1995,21
/job/2101,21
/job/2146,21
/job/1843,21
/job/2433?PHPSESSID=qm0gme6cpmhakg1f7fbjacus56,21
/job/1400,21
/job/2350,21
/job/1297,21
/job/2196?PHPSESSID=e3j1fbvva2rb7v93s54bd9uo60,21
/job/1603,21
/job/2021,21
/job/2037,21
/job/1997?from=marketing*&PHPSESSID=l7i5f25ece5tb4to2mgjqejtd1,21
/job/1562,21
/job/1330,21
/job/512,21
/job/1416,21
/job/1847,21
/job/2425,21
/job/2030,21
/job/2031?PHPSESSID=um7opm0e401i7km2gpthg1rd96,21
/job/1493,21
/job/933,21
/job/1587,21
/job/1137,21
/job/1463,21
/job/2083,21
/job/1504,21
/job/1988,21
/job/2111,21
/job/1318,21
/job/1904,21
/job/1846,21
/job/1331?from=%C3%BCbersetz*+OR+translate+OR+translation&PHPSESSID=bakf17duaovpjtpg17ka2ppjp6,21
/job/1536,21
/job/1729,21
/job/2208?PHPSESSID=gutgn194i8kno15pfvttutcap0,20
/job/1206,20
/job/1601,20
/job/index?tab=all&src=eq&q=sport&PHPSESSID=os39a70pn2b51d6guepj91bh21,20
/job/2320,20
/job/1584,20
/job/1924,20
/job/1522,20
/job/2326,20
/job/1903,20
/job/2008,20
/job/2089,20
/job/1786,20
/job/1230,20
/job/1984,20
/job/2327,20
/job/1792,20
/job/2009,20
/job/2268?from=praktik*+OR+werkstudent+OR+volontariat+OR+shk&PHPSESSID=1tr760blac5ruem7p1a2bleag2,20
/job/2268?from=bachelorarbeit+OR+masterarbeit+OR+diplomarbeit+OR+abschlussarbeit&PHPSESSID=3innv60cdgjnr3dk0t64ohk1h5,20
/job/2338?from=english+OR+englisch&PHPSESSID=bakf17duaovpjtpg17ka2ppjp6,20
/job/1985,20
/job/1743,20
/job/1813,20
/job/1554,20
/job/1290,20
/job/1859,20
/job/1651,20
/job/index?tab=all&src=eq&q=chemie&PHPSESSID=hdcjjt6jmsb1afp9q25k22r4v1,20
/job/2254?PHPSESSID=2hrunps6428583e4o3e5tqkgv5,20
/job/1679,20
/job/2013,20
/job/2209?from=consult*&PHPSESSID=js71v5fdfr3o7f21m521e4kcb6,20
/job/1291,20
/job/1650,20
/job/1370,20
/job/1947,20
/job/2058?PHPSESSID=5u49baiuuuh75cpe2lchdj5ou4,20
/job/2267?from=leipzig*&PHPSESSID=uk5i41j13pup1v8h1n67h18342,20
/job/2423,20
/job/2280?PHPSESSID=1gcknn12mvi3df9c22ugpal6q3,20
/job/1787,20
/job/2212?from=praktik*+OR+werkstudent+OR+volontariat+OR+shk&PHPSESSID=4aqhb9t23cvcsmofrojj63v761,20
/job/2137,20
/job/2132,20
/job/1189,20
/job/2424,20
/job/1200,20
/job/1464?from=wissenschaft*&PHPSESSID=3ktsgej3mh5j4pkhd77p19p6k3,20
/job/1404,20
/job/1465,20
/job/1916,19
/job/1853,19
/job/1895,19
/job/2288?PHPSESSID=lv7dgr36h47qhcjq6bm52v4e04,19
/job/1566,19
/job/1690,19
/job/1784,19
/job/1085?PHPSESSID=jg0kpmiu4chreobdifgcua0741,19
/job/2116,19
/job/1329,19
/job/2388,19
/job/index?q=cc:sonesgmbh,19
/job/937?from=Berlin&PHPSESSID=bitv9022qd2lghe58m5cs0lg75,19
/job/2087?PHPSESSID=d92tg7ur1al18ieeb01phhh6t3,19
/job/1998,19
/job/1263,19
/job/1191,19
/job/1029?PHPSESSID=lbsibp90aes9o4j55m6mqido13,19
/job/1380,19
/job/2287?PHPSESSID=lv7dgr36h47qhcjq6bm52v4e04,19
/job/1402,19
/job/1403,19
/job/1575,19
/job/1975,19
/job/2352,19
/job/1862,19
/job/1856,19
/job/2118?PHPSESSID=19f2bk710mf91i8emiss8kpa36,19
/job/2289?PHPSESSID=lv7dgr36h47qhcjq6bm52v4e04,19
/job/2096,19
/job/1988?PHPSESSID=hvbdbc8j9nifrie9bdpltlqqj7,19
/job/2181?PHPSESSID=9qovr0a6ud0vc2bo4j3b3405i5,19
/job/1521,19
/job/2207?from=praktik*+OR+werkstudent+OR+volontariat+OR+shk&PHPSESSID=dk9do3gpuseqj1jg4qp6qc9ho2,19
/job/2388?from=finance+OR+finanz*&PHPSESSID=h0oo4fon6mtt6v3ja90c8l2ud5,19
/job/1292,19
/job/2365?from=marketing*&PHPSESSID=e2j7a8n6g426hba49td34vlam0,19
/job/1700,19
/job/2150,19
/job/2203,19
/job/1630,19
/job/1993,19
/job/2365?PHPSESSID=7ktj5iot233os96vf4d8pgvtu5,19
/job/2199?from=public+relation*+OR+(%C3%B6ffentlichkeitsarbeit)&PHPSESSID=3gm3lq2tvdj8r1dkjdm41qitv5,19
/job/2103,19
/job/2496?PHPSESSID=umslva5b009jeo5ov6mqrp26g2,19
/job/1788,19
/job/951,19
/job/2153?from=SPSS+OR+'stata'+OR+statistik*&PHPSESSID=iq0hqeh87o9b7824a7qit9puq1,19
/job/1639,19
/job/1582,19
/job/2231,18
/job/2122?from=cc%3Abombardiertransportationgmbh&PHPSESSID=rah2spa638ummtp0ejnnttssu7,18
/job/index?q=cc:sprdnetag&src=more-from-company,18
/job/1682,18
/job/2389?from=marketing*&PHPSESSID=e2j7a8n6g426hba49td34vlam0,18
/job/2109,18
/job/2433?PHPSESSID=e3j1fbvva2rb7v93s54bd9uo60,18
/job/1655,18
/job/1747,18
/job/2425?from=praktik*+OR+werkstudent+OR+volontariat+OR+shk&PHPSESSID=dk9do3gpuseqj1jg4qp6qc9ho2,18
/job/1234?from=M%C3%BCnchen*&PHPSESSID=ou3it1519t22vtkr9nhbv35op0,18
/job/2294?from=leipzig*&PHPSESSID=2anpp3ei7acohh9me6jqvpvlm4,18
/job/1652,18
/job/2438?from=accounting+OR+audit+OR+controlling+OR+finance+OR+finanz*+OR+rechnungswesen+OR+risikomanagement+OR+steuerberat*+OR+tax+OR+unternehmensrechnung+OR+wirtschaftspr%C3%BCfung&PHPSESSID=ld2q6kclbupqtf5mpt3b8jgcn1,18
/job/1642,18
/job/403?from=physik*&PHPSESSID=ejb3ubhgf2mc4lnuuimrnsmbm7,18
/job/1136,18
/job/2379,18
/job/1660,18
/job/300?from=Leipzig*&PHPSESSID=bieidqut3dcll56rfqm0qlo4l6,18
/job/1753,18
/job/1581,18
/job/2093?from=praktik*&PHPSESSID=l7i5f25ece5tb4to2mgjqejtd1,18
/job/1087,18
/job/2090?PHPSESSID=hdcjjt6jmsb1afp9q25k22r4v1,18
/job/2063?from=english+OR+englisch&PHPSESSID=660eia372idknvik1suj0u0785,18
/job/1861,18
/job/1723,18
/job/1142,18
/job/2095,18
/job/2297?PHPSESSID=lv7dgr36h47qhcjq6bm52v4e04,18
/job/1273,18
/job/1198,18
/job/2214?PHPSESSID=sfgtoqkn2fnklenj6k6rni36u4,18
/job/2160?from=Android+OR+iOS+OR+iPhone+OR+ObjectiveC+OR+ObjC+OR+iPad+OR+mobile+OR+apps&PHPSESSID=js71v5fdfr3o7f21m521e4kcb6,18
/job/2001?from=chemie*&PHPSESSID=kngk8441aulvbu4opc80uk66p1,18
/job/2324,18
/job/1593,18
/job/1849,18
/job/1777,18
/job/1928,18
/job/2011,18
/job/1665,18
/job/2224?from=Microsoft+OR+Excel+OR+Access+OR+Word+OR+Powerpoint+OR+MSOffice&PHPSESSID=vhau4dv4ma35cvuoc8q0b62hc1,18
/job/1866,17
/job/2142?from=%C3%BCbersetz*+OR+translate+OR+translation&PHPSESSID=dk9do3gpuseqj1jg4qp6qc9ho2,17
/job/1223,17
/job/1889,17
/job/2138,17
/job/2147,17
/job/1921,17
/job/1519,17
/job/1789,17
/job/2338,17
/job/1647,17
/job/1433,17
/job/1697,17
/job/1982?from=english+OR+englisch&PHPSESSID=cj9kvuv0vcau4jb9lihqrt8341,17
/job/2290?from=marketing*&PHPSESSID=ejb3ubhgf2mc4lnuuimrnsmbm7,17
/job/2366?PHPSESSID=otg2nc51m428ed8fs8jabqri67,17
/job/2039?from=bildung*+OR+erziehungs*+OR+p%C3%A4dagog*&PHPSESSID=bitv9022qd2lghe58m5cs0lg75,17
/job/2154,17
/job/1925,17
/job/2116?from=sport*&PHPSESSID=vtitdisvtbcpbsbvlu9fqq2nl0,17
/job/2146?PHPSESSID=utsj9on9jr1rj44iiu18lbtdk0,17
/job/1385,17
/job/2173,17
/job/1720,17
/job/940,17
/job/1654,17
/job/1943?from=chemie*&PHPSESSID=tquqrrgavnnmepmlij1lvip4r0,17
/job/1907,17
/job/2086?from=sport*&PHPSESSID=ma32chva98mmmmehk2j0ondof5,17
/job/1126,17
/job/1919,17
/job/2349?from=cc%3Aumweltbundesamt&PHPSESSID=fs6b4u63ejhr7diskfr4fph8f2,17
/job/2068,17
