All,All locations,"Apr 1, 2011 to May 1, 2011",

Query,Impressions,Change,Clicks,Change,CTR,Change,Avg. position,Change
gq.de,"1,000",,<10,∞,-,,9.4,-1.0
mdr volontariat,400,∞,<10,∞,-,,6.1,
uni leipzig sport,150,∞,<10,∞,-,,4.6,
qsells,150,-53%,<10,∞,-,,5.2,-2.0
volontariat mdr,110,∞,<10,∞,-,,6.8,
api leipzig,110,-66%,<10,∞,-,,8.6,-2.0
lindenpartners,110,∞,<10,∞,-,,9.0,
avanade,90,-64%,<10,∞,-,,10,-3.0
lotum gmbh,50,∞,<10,∞,-,,10,
netsportique,50,67%,<10,∞,-,,7.0,-1.0
bild leipzig,50,-17%,<10,∞,-,,19,-3.0
fubis,50,-55%,<10,∞,-,,8.3,-0.3
itaricon,50,-44%,<10,∞,-,,9.9,-2.0
studentische hilfskraft steuern,35,192%,<10,∞,-,,9.7,-3.0
mitteldeutscher rundfunk leipzig,35,∞,<10,∞,-,,8.9,
vertriebstrainer,35,∞,<10,∞,-,,69,
red bull fuschl,30,36%,<10,∞,-,,10,0.2
södertörn university,30,-14%,<10,∞,-,,7.6,-1.0
mdr jobs,30,∞,<10,∞,-,,9.0,
btelligent,30,-50%,<10,∞,-,,6.5,-1.0
mercator-stiftung,30,-14%,<10,∞,-,,11,-2.0
personalentwicklungskonzept,22,∞,<10,∞,-,,36,
firmenlauf leipzig 2011,22,-56%,<10,∞,-,,9.0,-0.9
mercatorstiftung,22,-27%,<10,∞,-,,7.7,-0.4
externes rechnungswesen uni leipzig,22,∞,<10,∞,-,,4.4,
job mit russisch,22,83%,<10,∞,-,,16,20
lusini,22,-94%,<10,∞,-,,9.1,0.1
praktikum gesundheitsmanagement,22,-69%,<10,∞,-,,14,-4.0
erasmus london,22,,<10,∞,-,,8.9,3.0
intraduct,16,-27%,<10,∞,-,,10,-2.0
hsg uni leipzig,16,∞,<10,∞,-,,3.0,
www.amazon-operations.de,16,-68%,<10,∞,-,,7.3,1.0
redaktionsvolontariat,16,∞,<10,∞,-,,22,
www.jobimpuuls.de,16,∞,<10,∞,-,,9.4,
pc ware leipzig jobs,16,∞,<10,∞,-,,9.1,
uni leipzig sportangebot,16,∞,<10,∞,-,,4.6,
thomson reuters leipzig,16,∞,<10,∞,-,,8.7,
itaricon dresden,16,∞,<10,∞,-,,6.3,
praktikum london,16,33%,<10,∞,-,,69,-20
mercator stiftung berlin,16,∞,<10,∞,-,,7.5,
analyticsw,16,-27%,<10,∞,-,,5.9,-1.0
online marketing berlin,16,,<10,∞,-,,140,-50
uni leipzig hsg,12,∞,<10,∞,-,,3.0,
rehazentrum zwickau,12,∞,<10,∞,-,,12,
sportstudenten,12,∞,<10,∞,-,,14,
jobs in leipzig,12,-60%,<10,∞,-,,42,-5.0
regiocast jobs,12,∞,<10,∞,-,,8.6,
volontariat hamburg,12,∞,<10,∞,-,,83,
seo/sem,12,∞,<10,∞,-,,280,
fubis berlin,12,∞,<10,∞,-,,9.0,
independent publishing,12,-66%,<10,∞,-,,42,-20
mdkk,12,-92%,<10,∞,-,,17,-10
handelskammer leipzig,12,∞,<10,∞,-,,8.2,
uni künzelsau,12,∞,<10,∞,-,,6.2,
uni leipzig marketing,12,,<10,∞,-,,3.3,0.2
it spezialist,<10,∞,<10,∞,-,,,
online media associate programme,<10,∞,<10,∞,-,,,
clown berlin,<10,∞,<10,∞,-,,,
marketing leipzig,<10,∞,<10,∞,-,,,
studentenw,<10,∞,<10,∞,-,,,
fitness first leipzig,<10,∞,<10,∞,-,,,
c# m,<10,∞,<10,∞,-,,,
accra ghana africa,<10,∞,<10,∞,-,,,
modellhobby,<10,∞,<10,∞,-,,,
praktikum wirtschaftsförderung,<10,∞,<10,∞,-,,,
amazonstraße 1,<10,∞,<10,∞,-,,,
career sap,<10,∞,<10,∞,-,,,
französisch leipzig,<10,∞,<10,∞,-,,,
online media associate program,<10,-100%,<10,∞,-,,,
jobimpuuls,<10,∞,<10,∞,-,,,
job student berlin,<10,∞,<10,∞,-,,,
ravensburg uni,<10,∞,<10,∞,-,,,
jobs bundestag,<10,∞,<10,∞,-,,,
bewerbung mit kennziffer,<10,∞,<10,∞,-,,,
clowns,<10,∞,<10,∞,-,,,
marketing services 2011 frankfurt,<10,∞,<10,∞,-,,,
gehalt db systel,<10,∞,<10,∞,-,,,
avanade deutschland gmbh,<10,∞,<10,∞,-,,,
cotesa mittweida,<10,∞,<10,∞,-,,,
ingenieur jobs,<10,∞,<10,∞,-,,,
marketing job frankfurt,<10,∞,<10,∞,-,,,
studentische hilfskraft,<10,∞,<10,∞,-,,,
nairobi jobs,<10,∞,<10,∞,-,,,
online marketing manager,<10,∞,<10,∞,-,,,
london to leipzig,<10,∞,<10,∞,-,,,
gq jobs,<10,∞,<10,∞,-,,,
praktikum englisch,<10,∞,<10,∞,-,,,
java senior,<10,∞,<10,∞,-,,,
job webdesigner,<10,∞,<10,∞,-,,,
radio marktanalyse 2011,<10,∞,<10,∞,-,,,
call center jobs leipzig,<10,∞,<10,∞,-,,,
commerce online,<10,∞,<10,∞,-,,,
praktikum kenia,<10,∞,<10,∞,-,,,
praktikum in london,<10,∞,<10,∞,-,,,
leipzig essen,<10,∞,<10,∞,-,,,
sap support consultant,<10,∞,<10,∞,-,,,
mail icon,<10,∞,<10,∞,-,,,
jobs placement,<10,∞,<10,∞,-,,,
mitteldeutscher verlag,<10,∞,<10,∞,-,,,
developer java,<10,∞,<10,∞,-,,,
pc jobs,<10,∞,<10,∞,-,,,
google summer internship,<10,∞,<10,∞,-,,,
independent publishing hamburg,<10,∞,<10,∞,-,,,
visum für singapur,<10,∞,<10,∞,-,,,
sap ratingen,<10,∞,<10,∞,-,,,
leipzig stuttgart,<10,∞,<10,∞,-,,,
sport und eventmanagement,<10,∞,<10,∞,-,,,
praktika kanada,<10,∞,<10,∞,-,,,
hochschulrektorenkonferenz 2011,<10,∞,<10,∞,-,,,
köhra kartoffelmeister,<10,∞,<10,∞,-,,,
alster ventures gmbh,<10,∞,<10,∞,-,,,
frankfurt münchen,<10,∞,<10,∞,-,,,
jobs ratingen,<10,∞,<10,∞,-,,,
"octopus publishing group im ""foreign rights department""",<10,∞,<10,∞,-,,,
westring 400 kiel,<10,∞,<10,∞,-,,,
münchen praktikum,<10,∞,<10,∞,-,,,
pr career center,<10,∞,<10,∞,-,,,
vollzeit stunden pro woche,<10,∞,<10,∞,-,,,
praktikum an,<10,∞,<10,∞,-,,,
international hr jobs,<10,∞,<10,∞,-,,,
ecg erdgas-consult gmbh,<10,∞,<10,∞,-,,,
uni leipzig career center,<10,∞,<10,∞,-,,,
online media associate summer intern,<10,∞,<10,∞,-,,,
bio mitteldeutschland,<10,∞,<10,∞,-,,,
e commerce marketing,<10,∞,<10,∞,-,,,
"""anja wolkenhauer""",<10,∞,<10,∞,-,,,
uni heidenheim,<10,-100%,<10,∞,-,,,
google jobs bucharest,<10,∞,<10,∞,-,,,
adyton systems,<10,∞,<10,∞,-,,,
trainee sportmarketing,<10,∞,<10,∞,-,,,
reha zentrum weißenfels,<10,∞,<10,∞,-,,,
seo job,<10,∞,<10,∞,-,,,
leipzig hannover,<10,-100%,<10,∞,-,,,
russisch job,<10,-100%,<10,∞,-,,,
mit international,<10,∞,<10,∞,-,,,
jobangebote leipzig,<10,∞,<10,∞,-,,,
ria flex,<10,∞,<10,∞,-,,,
tenerife top training,<10,∞,<10,∞,-,,,
sprachenzentrum uni leipzig,<10,∞,<10,∞,-,,,
fussball.de,<10,∞,<10,∞,-,,,
junior project analyst,<10,∞,<10,∞,-,,,
webgl ide,<10,∞,<10,∞,-,,,
gq redaktion,<10,∞,<10,∞,-,,,
schenker leipzig,<10,∞,<10,∞,-,,,
mercateo services gmbh,<10,∞,<10,∞,-,,,
ingenieur job,<10,-100%,<10,∞,-,,,
volontariat,<10,∞,<10,∞,-,,,
job it,<10,∞,<10,∞,-,,,
verwaltungsreferendariat,<10,∞,<10,∞,-,,,
integrationsarchitektur,<10,∞,<10,∞,-,,,
inbound jobs,<10,∞,<10,∞,-,,,
linden partners,<10,∞,<10,∞,-,,,
sporttherapeut,<10,∞,<10,∞,-,,,
bosch lyon,<10,∞,<10,∞,-,,,
call center agent leipzig,<10,∞,<10,∞,-,,,
verpackungsplaner,<10,∞,<10,∞,-,,,
bezahltes praktikum,<10,∞,<10,∞,-,,,
edarling,<10,∞,<10,∞,-,,,
trainee hamburg,<10,∞,<10,∞,-,,,
functional groups in erynigal,<10,∞,<10,∞,-,,,
übersicht icon,<10,∞,<10,∞,-,,,
deutschmobil bewerbung,<10,∞,<10,∞,-,,,
translation uni leipzig,<10,∞,<10,∞,-,,,
java 2011,<10,∞,<10,∞,-,,,
apps entwicklung,<10,∞,<10,∞,-,,,
trainee recruitment consultant,<10,∞,<10,∞,-,,,
call center inbound leipzig,<10,∞,<10,∞,-,,,
job marketing,<10,-100%,<10,∞,-,,,
mercator.ba,<10,∞,<10,∞,-,,,
praktikum betriebliches gesundheitsmanagement,<10,∞,<10,∞,-,,,
flash design,<10,∞,<10,∞,-,,,
montpellier aix en provence,<10,∞,<10,∞,-,,,
leipzig london,<10,-100%,<10,∞,-,,,
tomtom business solutions,<10,-100%,<10,∞,-,,,
international internships,<10,∞,<10,∞,-,,,
m.in,<10,∞,<10,∞,-,,,
mercateo service gmbh,<10,∞,<10,∞,-,,,
mayato gmbh,<10,∞,<10,∞,-,,,
jobs in halle,<10,∞,<10,∞,-,,,
london leipzig,<10,∞,<10,∞,-,,,
"""sap bw""",<10,∞,<10,∞,-,,,
stimme job,<10,∞,<10,∞,-,,,
"""1 mars 2011""",<10,∞,<10,∞,-,,,
mercator stiftung,<10,-100%,<10,∞,-,,,
it berater gehalt,<10,∞,<10,∞,-,,,
praktikum marktforschung,<10,∞,<10,∞,-,,,
aachen 01.05.2011,<10,∞,<10,∞,-,,,
jobs redbull,<10,∞,<10,∞,-,,,
claudia jordan,<10,∞,<10,∞,-,,,
sap bi jobs,<10,∞,<10,∞,-,,,
stiftung des deutschen volkes,<10,∞,<10,∞,-,,,
berlin praktikum,<10,∞,<10,∞,-,,,
studentische hilfskraft leipzig,<10,∞,<10,∞,-,,,
uni leipzig jobportal,<10,∞,<10,∞,-,,,
stiftung mercator berlin,<10,∞,<10,∞,-,,,
uni leipzig translation,<10,∞,<10,∞,-,,,
jobs in call center,<10,∞,<10,∞,-,,,
google africa jobs,<10,∞,<10,∞,-,,,
job im marketing,<10,∞,<10,∞,-,,,
market data,<10,∞,<10,∞,-,,,
praktikum journalismus,<10,∞,<10,∞,-,,,
jobs in weißenfels,<10,∞,<10,∞,-,,,
networkmarketing,<10,∞,<10,∞,-,,,
social media köln,<10,-100%,<10,∞,-,,,
julia apitzsch,<10,∞,<10,∞,-,,,
jobs software,<10,∞,<10,∞,-,,,
web application php,<10,∞,<10,∞,-,,,
praktikum valencia,<10,∞,<10,∞,-,,,
trainee sales jobs,<10,∞,<10,∞,-,,,
sap r3,<10,-100%,<10,∞,-,,,
gq online,<10,-100%,<10,∞,-,,,
g f 2011,<10,∞,<10,∞,-,,,
freiwilligenarbeit costa rica,<10,∞,<10,∞,-,,,
ics internet consumer services gmbh,<10,∞,<10,∞,-,,,
praktikum grafik,<10,-100%,<10,∞,-,,,
ausbildungsplätze 2011 leipzig,<10,∞,<10,∞,-,,,
media jobs dublin,<10,∞,<10,∞,-,,,
reha zentrum leipzig,<10,∞,<10,∞,-,,,
e-commerce marketing,<10,∞,<10,∞,-,,,
univer,<10,∞,<10,∞,-,,,
köhra kartoffelmeister gmbh,<10,∞,<10,∞,-,,,
auslandspraktika,<10,∞,<10,∞,-,,,
spannende praktikumsplätze,<10,∞,<10,∞,-,,,
vgo cjd,<10,-100%,<10,∞,-,,,
unternehmenskommunikation praktikum,<10,∞,<10,∞,-,,,
jobs fussball,<10,∞,<10,∞,-,,,
red bull graduate program,<10,-100%,<10,∞,-,,,
freie journalisten gesucht,<10,∞,<10,∞,-,,,
job trainee,<10,∞,<10,∞,-,,,
döschwitz,<10,∞,<10,∞,-,,,
arne bleckwenn,<10,∞,<10,∞,-,,,
hr internship uk,<10,∞,<10,∞,-,,,
bosch solar energy arnstadt,<10,∞,<10,∞,-,,,
html5 programmierung,<10,∞,<10,∞,-,,,
deutschmobil,<10,∞,<10,∞,-,,,
sport leipzig,<10,∞,<10,∞,-,,,
diplomarbeit betriebswirtschaft,<10,∞,<10,∞,-,,,
jobs unternehmensberatung,<10,∞,<10,∞,-,,,
awimmoware.de,<10,∞,<10,∞,-,,,
schenker kelsterbach,<10,∞,<10,∞,-,,,
online redaktion,<10,∞,<10,∞,-,,,
app developer jobs,<10,∞,<10,∞,-,,,
tiefensee wolfgang,<10,∞,<10,∞,-,,,
it mitarbeiter,<10,∞,<10,∞,-,,,
elisa felske,<10,∞,<10,∞,-,,,
mdr.de,<10,∞,<10,∞,-,,,
social media career,<10,∞,<10,∞,-,,,
cjd vgo,<10,∞,<10,∞,-,,,
regis24 gmbh,<10,∞,<10,∞,-,,,
erstellung marketingkonzept,<10,∞,<10,∞,-,,,
whm leipzig,<10,∞,<10,∞,-,,,
st-yves,<10,∞,<10,∞,-,,,
voith leipzig,<10,-100%,<10,∞,-,,,
center,<10,∞,<10,∞,-,,,
reuter uni leipzig,<10,∞,<10,∞,-,,,
zapitano,<10,-100%,<10,∞,-,,,
social media job titles,<10,∞,<10,∞,-,,,
job qualitätssicherung,<10,∞,<10,∞,-,,,
unternehmensberatungen münchen,<10,∞,<10,∞,-,,,
solarion,<10,∞,<10,∞,-,,,
financial banking,<10,∞,<10,∞,-,,,
ubersetz,<10,∞,<10,∞,-,,,
lyon-montpellier,<10,∞,<10,∞,-,,,
jobangebote frankfurt,<10,∞,<10,∞,-,,,
job media,<10,∞,<10,∞,-,,,
gf2011,<10,∞,<10,∞,-,,,
localisation,<10,∞,<10,∞,-,,,
banking consultant,<10,∞,<10,∞,-,,,
diplomacy internships,<10,∞,<10,∞,-,,,
job java,<10,∞,<10,∞,-,,,
jobs in braunschweig,<10,∞,<10,∞,-,,,
eva schulze mtl,<10,∞,<10,∞,-,,,
jobs sport,<10,∞,<10,∞,-,,,
callcenter leipzig,<10,∞,<10,∞,-,,,
job in erlangen,<10,∞,<10,∞,-,,,
praktikum im bereich personal,<10,∞,<10,∞,-,,,
ecg leipzig,<10,-100%,<10,∞,-,,,
sales coach,<10,∞,<10,∞,-,,,
buschmais,<10,∞,<10,∞,-,,,
html5 pdf,<10,∞,<10,∞,-,,,
tourismus hamburg,<10,∞,<10,∞,-,,,
ihres angebotes,<10,∞,<10,∞,-,,,
studentenjobs halle,<10,∞,<10,∞,-,,,
job russisch,<10,∞,<10,∞,-,,,
stellenangebote arabisch,<10,∞,<10,∞,-,,,
wissenschaftliche mitarbeit,<10,∞,<10,∞,-,,,
grafik job,<10,∞,<10,∞,-,,,
universität wolfsburg,<10,∞,<10,∞,-,,,
wissenschaftliche hilfskraft leipzig,<10,∞,<10,∞,-,,,
mdr volontariat bewerbung,<10,∞,<10,∞,-,,,
volontariat kommunikation,<10,∞,<10,∞,-,,,
monocom gmbh,<10,∞,<10,∞,-,,,
javascript m,<10,∞,<10,∞,-,,,
annerod gießen,<10,∞,<10,∞,-,,,
online autor,<10,∞,<10,∞,-,,,
junior management,<10,∞,<10,∞,-,,,
pcware leipzig,<10,-100%,<10,∞,-,,,
jobs it,<10,-100%,<10,∞,-,,,
m mail,<10,∞,<10,∞,-,,,
nadine gruner,<10,∞,<10,∞,-,,,
red bull fuschl am see jobs,<10,∞,<10,∞,-,,,
hr internship,<10,∞,<10,∞,-,,,
career center htwk leipzig,<10,∞,<10,∞,-,,,
virtuhcon,<10,∞,<10,∞,-,,,
volkswagen leipzig,<10,∞,<10,∞,-,,,
jobs test,<10,-100%,<10,∞,-,,,
praktikum langweilig,<10,∞,<10,∞,-,,,
tourismus praktikum,<10,∞,<10,∞,-,,,
"""hinrich dreiling""",<10,∞,<10,∞,-,,,
or französisch,<10,∞,<10,∞,-,,,
job red bull,<10,∞,<10,∞,-,,,
marketing berlin,<10,∞,<10,∞,-,,,
banking & insurance,<10,∞,<10,∞,-,,,
ramboll hamburg,<10,∞,<10,∞,-,,,
praktikum human resources,<10,∞,<10,∞,-,,,
uni weiden,<10,∞,<10,∞,-,,,
pr agentur münchen,<10,∞,<10,∞,-,,,
nairobi kenya,<10,∞,<10,∞,-,,,
becomac gmbh leipzig,<10,∞,<10,∞,-,,,
expert people,<10,∞,<10,∞,-,,,
unternehmensberatung münchen,<10,-100%,<10,∞,-,,,
volontariat 2011,<10,∞,<10,∞,-,,,
freiberg tubergak,<10,∞,<10,∞,-,,,
eol fernwald,<10,∞,<10,∞,-,,,
geothermie,<10,∞,<10,∞,-,,,
sap installed base,<10,∞,<10,∞,-,,,
job sap,<10,-100%,<10,∞,-,,,
online media associate google,<10,∞,<10,∞,-,,,
web-marketing,<10,∞,<10,∞,-,,,
red bull graduate program 2011,<10,∞,<10,∞,-,,,
red bull jobs,<10,∞,<10,∞,-,,,
uni graz erasmus,<10,∞,<10,∞,-,,,
trainer gesucht,<10,∞,<10,∞,-,,,
universität freiberg,<10,∞,<10,∞,-,,,
gastro uni leipzig,<10,∞,<10,∞,-,,,
management office,<10,∞,<10,∞,-,,,
business intelligence sas,<10,∞,<10,∞,-,,,
berlin münchen,<10,∞,<10,∞,-,,,
auslandspraktikum kanada,<10,∞,<10,∞,-,,,
junior java entwickler,<10,∞,<10,∞,-,,,
cjd waren müritz,<10,-100%,<10,∞,-,,,
volontariat stuttgart,<10,∞,<10,∞,-,,,
valentina wujan,<10,∞,<10,∞,-,,,
jobs ingenieur,<10,∞,<10,∞,-,,,
pc leipzig,<10,-100%,<10,∞,-,,,
gq de,<10,-100%,<10,∞,-,,,
italienisch muttersprache gesucht,<10,∞,<10,∞,-,,,
handbucherstellung,<10,∞,<10,∞,-,,,
sap walldorf jobs,<10,∞,<10,∞,-,,,
stuttgart hamburg,<10,∞,<10,∞,-,,,
studenten w,<10,∞,<10,∞,-,,,
leipzi,<10,∞,<10,∞,-,,,
tu-freiberg mail,<10,∞,<10,∞,-,,,
imc leipzig,<10,∞,<10,∞,-,,,
praktikum eventmanagement,<10,∞,<10,∞,-,,,
erasmus praktikum,<10,-100%,<10,∞,-,,,
leipzig berlin,<10,∞,<10,∞,-,,,
praktikum online marketing,<10,∞,<10,∞,-,,,
jobangebote berlin,<10,-100%,<10,∞,-,,,
9 h,<10,∞,<10,∞,-,,,
job marktforschung,<10,∞,<10,∞,-,,,
ausschreibung,<10,∞,<10,∞,-,,,
praktikum english,<10,∞,<10,∞,-,,,
network marketing,<10,-100%,<10,∞,-,,,
marsh münchen,<10,∞,<10,∞,-,,,
transaction services,<10,∞,<10,∞,-,,,
junior consultant,<10,∞,<10,∞,-,,,
weierhof bolanden,<10,∞,<10,∞,-,,,
jobs assistenz,<10,∞,<10,∞,-,,,
spreadshirt,<10,∞,<10,∞,-,,,
webentwickler frontend,<10,∞,<10,∞,-,,,
google online media associate intern,<10,∞,<10,∞,-,,,
mba marketing,<10,∞,<10,∞,-,,,
interfacedesigner,<10,∞,<10,∞,-,,,
praktikum krankenhaus berlin,<10,∞,<10,∞,-,,,
java trainee,<10,∞,<10,∞,-,,,
praktikum marketing,<10,∞,<10,∞,-,,,
fotoshop leipzig,<10,∞,<10,∞,-,,,
ovb 2011,<10,∞,<10,∞,-,,,
prinovis intranet,<10,∞,<10,∞,-,,,
bw bi,<10,∞,<10,∞,-,,,
job am pc,<10,∞,<10,∞,-,,,
praktikum übersetzungsbüro,<10,∞,<10,∞,-,,,
handelshochschule leipzig,<10,∞,<10,∞,-,,,
fahrzeuglogistik,<10,∞,<10,∞,-,,,
awimmoware,<10,∞,<10,∞,-,,,
studentische hilfskraft dresden,<10,∞,<10,∞,-,,,
mibrag mbh,<10,∞,<10,∞,-,,,
direktmarketing definition,<10,∞,<10,∞,-,,,
market data and analytics,<10,∞,<10,∞,-,,,
19h,<10,∞,<10,∞,-,,,
c# 2011,<10,∞,<10,∞,-,,,
marketing tu bs,<10,∞,<10,∞,-,,,
corporate real estate,<10,∞,<10,∞,-,,,
jobs in nairobi,<10,-100%,<10,∞,-,,,
jobportal uni düsseldorf,<10,∞,<10,∞,-,,,
arabisch stellenangebote,<10,∞,<10,∞,-,,,
robert bosch stiftung,<10,∞,<10,∞,-,,,
html5 programmieren,<10,∞,<10,∞,-,,,
master abschluss,<10,∞,<10,∞,-,,,
spss,<10,∞,<10,∞,-,,,
hünfelden dauborn,<10,∞,<10,∞,-,,,
mahnwesen,<10,∞,<10,∞,-,,,
network-marketing,<10,∞,<10,∞,-,,,
senior software architect,<10,∞,<10,∞,-,,,
pmo consulting,<10,∞,<10,∞,-,,,
übersetzungsarbeiten,<10,∞,<10,∞,-,,,
kenia jobs,<10,∞,<10,∞,-,,,
gastroenterologist salary,<10,∞,<10,∞,-,,,
migration icon,<10,∞,<10,∞,-,,,
werkstudent leipzig,<10,-100%,<10,∞,-,,,
954987738,<10,∞,<10,∞,-,,,
praktikum marketing köln,<10,∞,<10,∞,-,,,
expert people management,<10,∞,<10,∞,-,,,
speedminton berlin,<10,∞,<10,∞,-,,,
praktikum in kanada,<10,∞,<10,∞,-,,,
job it leipzig,<10,∞,<10,∞,-,,,
database engineer,<10,∞,<10,∞,-,,,
automotive process institute leipzig,<10,∞,<10,∞,-,,,
sap bo,<10,-100%,<10,∞,-,,,
universitat leipzig,<10,∞,<10,∞,-,,,
internship uk,<10,∞,<10,∞,-,,,
grafik jobs,<10,∞,<10,∞,-,,,
lindenpartners berlin,<10,∞,<10,∞,-,,,
www.redbull.at/jobs,<10,-100%,<10,∞,-,,,
geschäftsstellenleitung,<10,∞,<10,∞,-,,,
intraduct dortmund,<10,∞,<10,∞,-,,,
spreadnet,<10,∞,<10,∞,-,,,
job unternehmensberatung,<10,∞,<10,∞,-,,,
leipzig freiberg,<10,∞,<10,∞,-,,,
sap berater,<10,∞,<10,∞,-,,,
vor 2 wochen englisch,<10,∞,<10,∞,-,,,
bilanzbuchhalter 28.03.2011,<10,∞,<10,∞,-,,,
erasmus 2011,<10,∞,<10,∞,-,,,
financial career,<10,∞,<10,∞,-,,,
thinking out of the box,<10,∞,<10,∞,-,,,
münchen düsseldorf,<10,∞,<10,∞,-,,,
siemens sektor,<10,∞,<10,∞,-,,,
tiefensee bei berlin,<10,∞,<10,∞,-,,,
uk jobs,<10,∞,<10,∞,-,,,
praktikum krankenhaus,<10,∞,<10,∞,-,,,
social network,<10,∞,<10,∞,-,,,
marsh gmbh,<10,∞,<10,∞,-,,,
translation leipzig,<10,∞,<10,∞,-,,,
job code,<10,∞,<10,∞,-,,,
plattform oder platform,<10,∞,<10,∞,-,,,
w test,<10,∞,<10,∞,-,,,
transalp veranstalter,<10,∞,<10,∞,-,,,
jobs .net,<10,∞,<10,∞,-,,,
sportgymnastik,<10,∞,<10,∞,-,,,
avg alster ventures,<10,-100%,<10,∞,-,,,
patentingenieur,<10,∞,<10,∞,-,,,
ims software,<10,∞,<10,∞,-,,,
aufgaben bilanzbuchhalter,<10,∞,<10,∞,-,,,
lizenzgeschäft,<10,∞,<10,∞,-,,,
waren müritz,<10,∞,<10,∞,-,,,
freiberg uni,<10,∞,<10,∞,-,,,
vertrag werkstudent,<10,∞,<10,∞,-,,,
jobs gesundheitsmanagement,<10,∞,<10,∞,-,,,
kartoffelmeister köhra,<10,∞,<10,∞,-,,,
lusini.de,<10,∞,<10,∞,-,,,
job polnisch,<10,∞,<10,∞,-,,,
becomac leipzig,<10,∞,<10,∞,-,,,
career center rwth aachen,<10,∞,<10,∞,-,,,
dgfp leipzig,<10,∞,<10,∞,-,,,
modell hobby,<10,∞,<10,∞,-,,,
human resources pdf,<10,∞,<10,∞,-,,,
online marketing köln,<10,-100%,<10,∞,-,,,
sap walldorf,<10,∞,<10,∞,-,,,
chinese leipzig,<10,∞,<10,∞,-,,,
werkstuden,<10,∞,<10,∞,-,,,
lyon aix en provence,<10,∞,<10,∞,-,,,
amazon recruiting team,<10,∞,<10,∞,-,,,
praktikum leipzig,<10,∞,<10,∞,-,,,
starkalender 2011,<10,∞,<10,∞,-,,,
mercator berlin,<10,∞,<10,∞,-,,,
pluspol leipzig,<10,∞,<10,∞,-,,,
datenrecherche,<10,∞,<10,∞,-,,,
public relations hamburg,<10,∞,<10,∞,-,,,
internship luxembourg,<10,∞,<10,∞,-,,,
autoren jobs,<10,∞,<10,∞,-,,,
manag,<10,-100%,<10,∞,-,,,
tomtom leipzig,<10,∞,<10,∞,-,,,
praktikum pr,<10,∞,<10,∞,-,,,
sam leipzig,<10,∞,<10,∞,-,,,
sportwissenschaft job,<10,∞,<10,∞,-,,,
shk uni leipzig,<10,∞,<10,∞,-,,,
job net,<10,∞,<10,∞,-,,,
internshipuk,<10,∞,<10,∞,-,,,
agilent basel,<10,∞,<10,∞,-,,,
testingenieur,<10,∞,<10,∞,-,,,
jobs nairobi,<10,-100%,<10,∞,-,,,
software career,<10,∞,<10,∞,-,,,
praktikum unternehmensberatung,<10,∞,<10,∞,-,,,
personalbereich,<10,∞,<10,∞,-,,,
reiseleiter jobs,<10,∞,<10,∞,-,,,
referat über facebook,<10,∞,<10,∞,-,,,
corporate real estate jobs,<10,∞,<10,∞,-,,,
google jobs poland,<10,∞,<10,∞,-,,,
praktikum berlin,<10,∞,<10,∞,-,,,
schulassistenz,<10,∞,<10,∞,-,,,
solegro,<10,∞,<10,∞,-,,,
spreadshirt leipzig,<10,∞,<10,∞,-,,,
red bull global graduate program,<10,∞,<10,∞,-,,,
redaktionsvolontär,<10,∞,<10,∞,-,,,
personalentwicklungskonzept erstellen,<10,∞,<10,∞,-,,,
www.sitzfeldt.com,<10,∞,<10,∞,-,,,
vertragsmanagement,<10,∞,<10,∞,-,,,
unister,<10,∞,<10,∞,-,,,
jobs icon,<10,∞,<10,∞,-,,,
independent-publishing.com,<10,∞,<10,∞,-,,,
rwe div,<10,∞,<10,∞,-,,,
marsh hamburg,<10,∞,<10,∞,-,,,
cms leipzig,<10,∞,<10,∞,-,,,
web.berner.de/karriere,<10,∞,<10,∞,-,,,
jobangebote münchen,<10,∞,<10,∞,-,,,
graduate programme,<10,∞,<10,∞,-,,,
höhenwerkstatt,<10,∞,<10,∞,-,,,
bundestag praktikum,<10,∞,<10,∞,-,,,
real estate management,<10,∞,<10,∞,-,,,
kenia nairobi,<10,∞,<10,∞,-,,,
daniela hoffmann leipzig,<10,∞,<10,∞,-,,,
interface designer,<10,∞,<10,∞,-,,,
social media marketing köln,<10,∞,<10,∞,-,,,
biodiversity jobs,<10,∞,<10,∞,-,,,
marktforschung berlin,<10,-100%,<10,∞,-,,,
avanade.com,<10,∞,<10,∞,-,,,
sas career,<10,∞,<10,∞,-,,,
fuschl am see red bull,<10,∞,<10,∞,-,,,
www.leipzig.bild.de,<10,∞,<10,∞,-,,,
category management,<10,-100%,<10,∞,-,,,
künzelsau uni,<10,∞,<10,∞,-,,,
facility management frankfurt,<10,∞,<10,∞,-,,,
tsv leipzig 76,<10,∞,<10,∞,-,,,
recrutement stagiaire,<10,∞,<10,∞,-,,,
vertriebsmarketing,<10,∞,<10,∞,-,,,
zu,<10,∞,<10,∞,-,,,
praktikumsplätze hannover 2011,<10,∞,<10,∞,-,,,
diageo 7hq,<10,∞,<10,∞,-,,,
mayato,<10,∞,<10,∞,-,,,
sprachschule costa rica,<10,∞,<10,∞,-,,,
eventmanagement hannover,<10,∞,<10,∞,-,,,
web design jobs,<10,∞,<10,∞,-,,,
standortpolitik,<10,∞,<10,∞,-,,,
praktikum basel,<10,∞,<10,∞,-,,,
mainz 08.04.2011,<10,∞,<10,∞,-,,,
übersetzungsbüro berlin,<10,∞,<10,∞,-,,,
ui design,<10,∞,<10,∞,-,,,
it leipzig,<10,∞,<10,∞,-,,,
it berater,<10,∞,<10,∞,-,,,
werkstudent einmal über 20 stunden,<10,∞,<10,∞,-,,,
webprogrammierer,<10,∞,<10,∞,-,,,
credit m,<10,∞,<10,∞,-,,,
seo hamburg,<10,∞,<10,∞,-,,,
marsh stuttgart,<10,∞,<10,∞,-,,,
vetter ravensburg,<10,∞,<10,∞,-,,,
www.agilent.com/go/jobs,<10,∞,<10,∞,-,,,
projektmanagement pharma,<10,∞,<10,∞,-,,,
e-darling,<10,∞,<10,∞,-,,,
corporate real estate management,<10,-100%,<10,∞,-,,,
html5 article,<10,∞,<10,∞,-,,,
www.hansgrohe.de,<10,∞,<10,∞,-,,,
versicherungsforen leipzig 2011,<10,-100%,<10,∞,-,,,
marketing assistant,<10,∞,<10,∞,-,,,
www.sprachzeitungen.de,<10,∞,<10,∞,-,,,
jobs marktforschung,<10,∞,<10,∞,-,,,
wissenschaftliche hilfskraft englisch,<10,∞,<10,∞,-,,,
jobs africa,<10,∞,<10,∞,-,,,
stagiaire,<10,∞,<10,∞,-,,,
jobs sap,<10,∞,<10,∞,-,,,
krankenhaus berlin,<10,-100%,<10,∞,-,,,
sap technical support,<10,∞,<10,∞,-,,,
demet dingoyan,<10,∞,<10,∞,-,,,
job in hannover,<10,∞,<10,∞,-,,,
lawyer,<10,∞,<10,∞,-,,,
erasmus work placement,<10,∞,<10,∞,-,,,
praktikum tourismus,<10,∞,<10,∞,-,,,
lsi berlin,<10,∞,<10,∞,-,,,
armin cossmann amazon,<10,∞,<10,∞,-,,,
amazon jobangebote,<10,∞,<10,∞,-,,,
html5 a,<10,∞,<10,∞,-,,,
e-mail icon,<10,∞,<10,∞,-,,,
cleaning code w,<10,∞,<10,∞,-,,,
eventorganisation jobs,<10,∞,<10,∞,-,,,
jobs in africa,<10,∞,<10,∞,-,,,
künstlerbetreuung job,<10,∞,<10,∞,-,,,
jobs in waren müritz,<10,∞,<10,∞,-,,,
"""independent publishing""",<10,∞,<10,∞,-,,,
job in nairobi,<10,∞,<10,∞,-,,,
webprogrammierung berlin,<10,∞,<10,∞,-,,,
jobs interne kommunikation,<10,∞,<10,∞,-,,,
job london,<10,∞,<10,∞,-,,,
marktforschung,<10,∞,<10,∞,-,,,
project management office,<10,∞,<10,∞,-,,,
amazon-operations.de,<10,∞,<10,∞,-,,,
universität jerusalem,<10,∞,<10,∞,-,,,
promarkt leipzig,<10,∞,<10,∞,-,,,
facebook apps entwickeln,<10,∞,<10,∞,-,,,
design jobs,<10,∞,<10,∞,-,,,
evobus,<10,∞,<10,∞,-,,,
facebook icon,<10,∞,<10,∞,-,,,
fluege.de,<10,∞,<10,∞,-,,,
jobs c++,<10,∞,<10,∞,-,,,
tu freiberg,<10,∞,<10,∞,-,,,
ambulantes rehazentrum zwickau,<10,∞,<10,∞,-,,,
inter mundos,<10,∞,<10,∞,-,,,
"""at the university""",<10,∞,<10,∞,-,,,
german icon,<10,∞,<10,∞,-,,,
sap bw jobs,<10,∞,<10,∞,-,,,
juniorconsultant,<10,∞,<10,∞,-,,,
clean developer,<10,∞,<10,∞,-,,,
red bull fuschl am see,<10,∞,<10,∞,-,,,
styves,<10,∞,<10,∞,-,,,
vollzeit stunden,<10,∞,<10,∞,-,,,
jobs in kenia,<10,∞,<10,∞,-,,,
proteinexpression,<10,∞,<10,∞,-,,,
kongressmanagement,<10,∞,<10,∞,-,,,
schenker leipzig bewerbung,<10,∞,<10,∞,-,,,
übersetz,<10,-100%,<10,∞,-,,,
evangelisches schulzentrum muldental,<10,∞,<10,∞,-,,,
jobportal deutschland,<10,∞,<10,∞,-,,,
einverständniserklärung zur personalakteneinsicht,<10,∞,<10,∞,-,,,
junior lawyer,<10,-100%,<10,∞,-,,,
wbpr potsdam,<10,∞,<10,∞,-,,,
www mdr.de,<10,∞,<10,∞,-,,,
html5 editor,<10,∞,<10,∞,-,,,
grafik praktikum,<10,∞,<10,∞,-,,,
pc praktik,<10,∞,<10,∞,-,,,
game localization,<10,∞,<10,∞,-,,,
what is sap bw,<10,∞,<10,∞,-,,,
hamburger autokontor,<10,∞,<10,∞,-,,,
technical support consultant,<10,-100%,<10,∞,-,,,
leipzig radio,<10,∞,<10,∞,-,,,
praktikum eventmanagement leipzig,<10,∞,<10,∞,-,,,
leipzig 21.04.2011,<10,∞,<10,∞,-,,,
marketing manager,<10,∞,<10,∞,-,,,
carl ed. schünemann kg,<10,∞,<10,∞,-,,,
vanessa zeller,<10,∞,<10,∞,-,,,
bahnbetriebswerk zeitz,<10,∞,<10,∞,-,,,
cms jobs,<10,∞,<10,∞,-,,,
leipzig-london,<10,∞,<10,∞,-,,,
sap career,<10,∞,<10,∞,-,,,
eventmanagement,<10,∞,<10,∞,-,,,
marketing praktikum,<10,∞,<10,∞,-,,,
w center,<10,∞,<10,∞,-,,,
mykita berlin,<10,∞,<10,∞,-,,,
graduate program red bull,<10,∞,<10,∞,-,,,
job stimme,<10,∞,<10,∞,-,,,
khs uni leipzig,<10,∞,<10,∞,-,,,
becomac,<10,-100%,<10,∞,-,,,
pflanzenphysiologie uni leipzig,<10,∞,<10,∞,-,,,
studentships,<10,∞,<10,∞,-,,,
luxembourg translator,<10,∞,<10,∞,-,,,
hauptsachbearbeiter,<10,∞,<10,∞,-,,,
kennziffer,<10,∞,<10,∞,-,,,
vergütungsordnung des cjd,<10,∞,<10,∞,-,,,
or englisch,<10,-100%,<10,∞,-,,,
jobs eventmanagement,<10,∞,<10,∞,-,,,
donezk ukraine,<10,∞,<10,∞,-,,,
transalp touren,<10,∞,<10,∞,-,,,
praktikum personalwesen leipzig,<10,∞,<10,∞,-,,,
jobs.alsterventures,<10,∞,<10,∞,-,,,
imn htwk,<10,∞,<10,∞,-,,,
übersetzungsunternehmen,<10,∞,<10,∞,-,,,
mercator stiftung jobs,<10,∞,<10,∞,-,,,
dubberke mdr,<10,∞,<10,∞,-,,,
mallorca jobs 2011,<10,∞,<10,∞,-,,,
jobs leipzig,<10,∞,<10,∞,-,,,
studentische aushilfskraft,<10,∞,<10,∞,-,,,
sap integration,<10,∞,<10,∞,-,,,
autokontor bayern,<10,∞,<10,∞,-,,,
universität london,<10,∞,<10,∞,-,,,
erasmus placement,<10,∞,<10,∞,-,,,
regis24,<10,∞,<10,∞,-,,,
www mdr de,<10,∞,<10,∞,-,,,
coach leipzig,<10,∞,<10,∞,-,,,
leipzig zweites münchen,<10,∞,<10,∞,-,,,
mitarbeiter öffentlichkeitsarbeit,<10,∞,<10,∞,-,,,
reiseleiter job,<10,∞,<10,∞,-,,,
jobstest,<10,∞,<10,∞,-,,,
autokontor zörbig,<10,∞,<10,∞,-,,,
gesundheitsmanagement jobs,<10,∞,<10,∞,-,,,
jobs weißenfels,<10,∞,<10,∞,-,,,
jobs in kampala,<10,∞,<10,∞,-,,,
freie blogs,<10,∞,<10,∞,-,,,
mdkk leipzig,<10,∞,<10,∞,-,,,
think out of the box,<10,∞,<10,∞,-,,,
tu freiberg mail,<10,-100%,<10,∞,-,,,
marketing jobs berlin,<10,-100%,<10,∞,-,,,
internship jerusalem,<10,∞,<10,∞,-,,,
store retail,<10,∞,<10,∞,-,,,
nike gmbh,<10,∞,<10,∞,-,,,
user interface designer,<10,∞,<10,∞,-,,,
belser verlag,<10,∞,<10,∞,-,,,
mareike noll,<10,∞,<10,∞,-,,,
wbpr,<10,∞,<10,∞,-,,,
stellenausschreibung als,<10,∞,<10,∞,-,,,
java web,<10,∞,<10,∞,-,,,
seosem,<10,∞,<10,∞,-,,,
online bewerbung uni leipzig,<10,∞,<10,∞,-,,,
online media associate program google,<10,∞,<10,∞,-,,,
design grafik,<10,∞,<10,∞,-,,,
regiocast leipzig,<10,-100%,<10,∞,-,,,
eventmanagement braunschweig,<10,∞,<10,∞,-,,,
universität ravensburg,<10,∞,<10,∞,-,,,
praktikum grafik design,<10,∞,<10,∞,-,,,
altran flöha,<10,∞,<10,∞,-,,,
jobs graz,<10,∞,<10,∞,-,,,
telefax icon,<10,∞,<10,∞,-,,,
ingenieur test,<10,-100%,<10,∞,-,,,
job analyst,<10,∞,<10,∞,-,,,
mailserver windows,<10,∞,<10,∞,-,,,
test w,<10,∞,<10,∞,-,,,
marketing braunschweig,<10,∞,<10,∞,-,,,
www.intranet.deutschebahn.com,<10,∞,<10,∞,-,,,
sever gmbh,<10,∞,<10,∞,-,,,
google online media associate,<10,∞,<10,∞,-,,,
einstiegsposition,<10,∞,<10,∞,-,,,
print me,<10,∞,<10,∞,-,,,
uni teneriffa,<10,∞,<10,∞,-,,,
marketing köln,<10,∞,<10,∞,-,,,
praktikum in english,<10,∞,<10,∞,-,,,
mercateo erfahrung,<10,∞,<10,∞,-,,,
pepsi international,<10,∞,<10,∞,-,,,
führungskräftekommunikation,<10,∞,<10,∞,-,,,
philip morris berlin,<10,∞,<10,∞,-,,,
db systel,<10,∞,<10,∞,-,,,
gesundheitsmanagement,<10,∞,<10,∞,-,,,
android entwicklung,<10,∞,<10,∞,-,,,
spread shirt,<10,∞,<10,∞,-,,,
jobs montpellier,<10,∞,<10,∞,-,,,
work order management,<10,∞,<10,∞,-,,,
eventmarketing berlin,<10,∞,<10,∞,-,,,
festeinstellung,<10,∞,<10,∞,-,,,
leipzig flughafen,<10,∞,<10,∞,-,,,
administrative assistant,<10,∞,<10,∞,-,,,
jobs sales,<10,∞,<10,∞,-,,,
pdf html5,<10,∞,<10,∞,-,,,
jobs designer,<10,∞,<10,∞,-,,,
irecard,<10,∞,<10,∞,-,,,
immoware24go,<10,∞,<10,∞,-,,,
leipzig-bild.de,<10,∞,<10,∞,-,,,
job stiftung,<10,∞,<10,∞,-,,,
it trainee,<10,∞,<10,∞,-,,,
legal service,<10,∞,<10,∞,-,,,
verbio ag,<10,∞,<10,∞,-,,,
summer internship dublin,<10,∞,<10,∞,-,,,
jobs marketing,<10,-100%,<10,∞,-,,,
agilent waldbronn,<10,∞,<10,∞,-,,,
trainee düsseldorf,<10,∞,<10,∞,-,,,
summer work dublin,<10,∞,<10,∞,-,,,
annerod,<10,∞,<10,∞,-,,,
ard berlin praktikum,<10,∞,<10,∞,-,,,
unternehmensberatung praktikum,<10,∞,<10,∞,-,,,
kollat media team,<10,∞,<10,∞,-,,,
sap pcn,<10,∞,<10,∞,-,,,
mittelschul,<10,∞,<10,∞,-,,,
arabisch jobs,<10,∞,<10,∞,-,,,
praktikum schweiz,<10,∞,<10,∞,-,,,
payroll accounting,<10,∞,<10,∞,-,,,
sap/r3,<10,∞,<10,∞,-,,,
handbuch treasury,<10,∞,<10,∞,-,,,
wolfgang tiefensee,<10,∞,<10,∞,-,,,
nebenjob jena,<10,∞,<10,∞,-,,,
relati,<10,∞,<10,∞,-,,,
walldorf/st. leon-rot,<10,∞,<10,∞,-,,,
mercator,<10,∞,<10,∞,-,,,
uni leipzig externes rechnungswesen,<10,∞,<10,∞,-,,,
vattenfall europe business services gmbh,<10,∞,<10,∞,-,,,
sport praktikum,<10,∞,<10,∞,-,,,
sap bw icon,<10,∞,<10,∞,-,,,
weiterbildungsprogramme,<10,∞,<10,∞,-,,,
hamburg volontariat,<10,∞,<10,∞,-,,,
summer internship google,<10,∞,<10,∞,-,,,
sprachenzentrum leipzig,<10,-100%,<10,∞,-,,,
mitarbeiter gesucht,<10,-100%,<10,∞,-,,,
job in istanbul,<10,∞,<10,∞,-,,,
customer care,<10,∞,<10,∞,-,,,
leipzig hamburg,<10,∞,<10,∞,-,,,
sport und eventmanagement studium,<10,∞,<10,∞,-,,,
jobs in marketing,<10,∞,<10,∞,-,,,
amazon leipzig jobs,<10,∞,<10,∞,-,,,
tomtom business solutions leipzig,<10,∞,<10,∞,-,,,
.net c#,<10,∞,<10,∞,-,,,
redbull graduate program,<10,∞,<10,∞,-,,,
software leipzig,<10,∞,<10,∞,-,,,
internship dublin,<10,∞,<10,∞,-,,,
evo bus,<10,∞,<10,∞,-,,,
autokontor bayern zörbig,<10,∞,<10,∞,-,,,
jobs java,<10,∞,<10,∞,-,,,
sales cycles,<10,∞,<10,∞,-,,,
erdbeerlounge gmbh,<10,∞,<10,∞,-,,,
junior sap,<10,∞,<10,∞,-,,,
mercator kolleg,<10,∞,<10,∞,-,,,
shrewsbury uk,<10,∞,<10,∞,-,,,
shk jobs,<10,∞,<10,∞,-,,,
career center frankfurt,<10,∞,<10,∞,-,,,
philip morris career,<10,∞,<10,∞,-,,,
praktikum in kenia,<10,∞,<10,∞,-,,,
pc ware,<10,∞,<10,∞,-,,,
maren billian,<10,∞,<10,∞,-,,,
french chinese,<10,∞,<10,∞,-,,,
credit analyst,<10,∞,<10,∞,-,,,
geothermie freiberg,<10,∞,<10,∞,-,,,
avg alsterventures,<10,∞,<10,∞,-,,,
industry manager,<10,∞,<10,∞,-,,,
draksal,<10,∞,<10,∞,-,,,
php entwickler,<10,∞,<10,∞,-,,,
java web application,<10,∞,<10,∞,-,,,
summer jobs dublin,<10,∞,<10,∞,-,,,
amazonstr. 1,<10,∞,<10,∞,-,,,
vattenfall jobportal,<10,∞,<10,∞,-,,,
amazon werne stellenangebote,<10,∞,<10,∞,-,,,
lipton pepsi,<10,∞,<10,∞,-,,,
online media associate,<10,-100%,<10,∞,-,,,
intermundos,<10,-100%,<10,∞,-,,,
pr marketing,<10,∞,<10,∞,-,,,
category management jobs,<10,∞,<10,∞,-,,,
hoy reha,<10,∞,<10,∞,-,,,
jobs finanzen,<10,∞,<10,∞,-,,,
eventmanagement jobs,<10,∞,<10,∞,-,,,
praktikantenbetreuung,<10,∞,<10,∞,-,,,
trainee sales,<10,∞,<10,∞,-,,,
fotogeschäft leipzig,<10,∞,<10,∞,-,,,
puul gmbh,<10,∞,<10,∞,-,,,
b.telligent,<10,∞,<10,∞,-,,,
jobs reiseleiter,<10,∞,<10,∞,-,,,
händlerbund,<10,∞,<10,∞,-,,,
erfahrungen mit independent publishing,<10,∞,<10,∞,-,,,
jobs palma de mallorca,<10,∞,<10,∞,-,,,
avande,<10,-100%,<10,∞,-,,,
praktikum bremen,<10,∞,<10,∞,-,,,
alsterventures,<10,∞,<10,∞,-,,,
hoy reha görlitz,<10,∞,<10,∞,-,,,
onlinemarketing,<10,∞,<10,∞,-,,,
job test,<10,∞,<10,∞,-,,,
deutsche börse praktikum,<10,∞,<10,∞,-,,,
job vertrieb,<10,∞,<10,∞,-,,,
sport jobs frankfurt,<10,∞,<10,∞,-,,,
\\w java,<10,∞,<10,∞,-,,,
pc job,<10,∞,<10,∞,-,,,
expert people management gmbh,<10,∞,<10,∞,-,,,
studentische hilfskraft halle,<10,∞,<10,∞,-,,,
pflegeschulzentrum goslar,<10,∞,<10,∞,-,,,
partnersuche.de,<10,∞,<10,∞,-,,,
södertörn,<10,-100%,<10,∞,-,,,
kabel deutschland leipzig,<10,∞,<10,∞,-,,,
jobs consultant,<10,∞,<10,∞,-,,,
consumer marketing,<10,∞,<10,∞,-,,,
praktikum 2011,<10,∞,<10,∞,-,,,
c for,<10,∞,<10,∞,-,,,
internship wroclaw,<10,∞,<10,∞,-,,,
ruder bundesliga 2011,<10,∞,<10,∞,-,,,
uni stockholm,<10,-100%,<10,∞,-,,,
übersetzung leipzig,<10,∞,<10,∞,-,,,
online marketing kanäle,<10,∞,<10,∞,-,,,
google africa,<10,-100%,<10,∞,-,,,
rote nasen berlin,<10,∞,<10,∞,-,,,
praktikum design,<10,∞,<10,∞,-,,,
ruby on rails job,<10,∞,<10,∞,-,,,
datenschutzkonzept,<10,∞,<10,∞,-,,,
redbull career,<10,∞,<10,∞,-,,,
ims sap,<10,∞,<10,∞,-,,,
hrk bonn,<10,-100%,<10,∞,-,,,
eventmanagement praktikum,<10,∞,<10,∞,-,,,
webdesign jena,<10,∞,<10,∞,-,,,
pc-ware,<10,∞,<10,∞,-,,,
3d prod,<10,∞,<10,∞,-,,,
"""category management""",<10,∞,<10,∞,-,,,
rotenasen,<10,∞,<10,∞,-,,,
sozialarbeiterin,<10,∞,<10,∞,-,,,
praktikum translation,<10,∞,<10,∞,-,,,
jobs spanien,<10,∞,<10,∞,-,,,
eventorganisation,<10,∞,<10,∞,-,,,
mitteldeutscher rundfunk,<10,∞,<10,∞,-,,,
vet pharma friesoythe,<10,∞,<10,∞,-,,,
scms,<10,∞,<10,∞,-,,,
job rechnungswesen,<10,∞,<10,∞,-,,,
sap bw,<10,-100%,<10,∞,-,,,
facebook entwicklung,<10,-100%,<10,∞,-,,,
praktikum sport,<10,∞,<10,∞,-,,,
essen in leipzig,<10,∞,<10,∞,-,,,
jobs in mallorca 2011,<10,∞,<10,∞,-,,,
www.fg-medien.de,<10,∞,<10,∞,-,,,
gymnasiallehrer,<10,∞,<10,∞,-,,,
support consultant sap,<10,∞,<10,∞,-,,,
waren-müritz,<10,∞,<10,∞,-,,,
pwc frankfurt,<10,∞,<10,∞,-,,,
praktikum verlag,<10,∞,<10,∞,-,,,
welthaus bielefeld,<10,∞,<10,∞,-,,,
mitarbeiterkommunikation,<10,∞,<10,∞,-,,,
red bull career,<10,∞,<10,∞,-,,,
mdr volontariat 2011,<10,∞,<10,∞,-,,,
web marketing,<10,∞,<10,∞,-,,,
sap junior berater,<10,∞,<10,∞,-,,,
flughafen leipzig halle jobs,<10,-100%,<10,∞,-,,,
jobs sportwissenschaftler,<10,∞,<10,∞,-,,,
pr technik,<10,∞,<10,∞,-,,,
real estate consultant,<10,-100%,<10,∞,-,,,
jobs in mittweida,<10,∞,<10,∞,-,,,
avenade,<10,-100%,<10,∞,-,,,
job auditor,<10,∞,<10,∞,-,,,
welthaus bielefeld facebook,<10,∞,<10,∞,-,,,
britta dewitt,<10,∞,<10,∞,-,,,
dell leipzig,<10,∞,<10,∞,-,,,
auswärtiges amt jobs,<10,∞,<10,∞,-,,,
uni castrop rauxel,<10,-100%,<10,∞,-,,,
jan höffken,<10,∞,<10,∞,-,,,
die lagen der dinge in der grafiksoftware,<10,∞,<10,∞,-,,,
werbung stuttgart,<10,∞,<10,∞,-,,,
entspannungstrainer gesucht,<10,∞,<10,∞,-,,,
job eventmanager,<10,∞,<10,∞,-,,,
dauborn,<10,∞,<10,∞,-,,,
red bull.at jobs,<10,∞,<10,∞,-,,,
c#,<10,∞,<10,∞,-,,,
kristin zimmermann,<10,∞,<10,∞,-,,,
net m,<10,∞,<10,∞,-,,,
c developer,<10,∞,<10,∞,-,,,
social media berlin,<10,∞,<10,∞,-,,,
product information management,<10,∞,<10,∞,-,,,
independent publishing erfahrungen,<10,-100%,<10,∞,-,,,
social commerce,<10,∞,<10,∞,-,,,
html5 3d,<10,∞,<10,∞,-,,,
fussball.de berlin,<10,-100%,<10,∞,-,,,
angebotes,<10,∞,<10,∞,-,,,
stiebel eltron holzminden,<10,∞,<10,∞,-,,,
sap bw berater,<10,∞,<10,∞,-,,,
bild.de leipzig,<10,∞,<10,∞,-,,,
st leon,<10,∞,<10,∞,-,,,
siemens jobportal,<10,∞,<10,∞,-,,,
großraum hannover,<10,∞,<10,∞,-,,,
marketing assistenz,<10,∞,<10,∞,-,,,
sales account,<10,∞,<10,∞,-,,,
transalp,<10,∞,<10,∞,-,,,
amt für statistik und wahlen leipzig,<10,∞,<10,∞,-,,,
bild leipzig redaktion,<10,∞,<10,∞,-,,,
consultant analyst,<10,∞,<10,∞,-,,,
jobs ukraine,<10,∞,<10,∞,-,,,
job inventory,<10,∞,<10,∞,-,,,
m+w stuttgart,<10,∞,<10,∞,-,,,
jobs singapur,<10,∞,<10,∞,-,,,
automotive process institute,<10,∞,<10,∞,-,,,
jobs c#,<10,∞,<10,∞,-,,,
internship stuttgart,<10,∞,<10,∞,-,,,
jobs informatiker,<10,∞,<10,∞,-,,,
elisa felske ics,<10,∞,<10,∞,-,,,
solegro gmbh,<10,∞,<10,∞,-,,,
jobs ravensburg,<10,∞,<10,∞,-,,,
köhra,<10,∞,<10,∞,-,,,
mobis brehna,<10,∞,<10,∞,-,,,
university placements,<10,∞,<10,∞,-,,,
heimhuder str. 72,<10,∞,<10,∞,-,,,
wirtschaftspolitik praktikum,<10,∞,<10,∞,-,,,
facebook apps 2011,<10,∞,<10,∞,-,,,
netm,<10,-100%,<10,∞,-,,,
fußball.de berlin,<10,∞,<10,∞,-,,,
business development pdf,<10,∞,<10,∞,-,,,
university of stockholm,<10,∞,<10,∞,-,,,
praktikum webdesign,<10,∞,<10,∞,-,,,
job ukraine,<10,∞,<10,∞,-,,,
jobs leipzig vollzeit,<10,∞,<10,∞,-,,,
duale hochschule ravensburg,<10,∞,<10,∞,-,,,
real estate manager,<10,∞,<10,∞,-,,,
unternehmensakquise,<10,∞,<10,∞,-,,,
imc networks,<10,∞,<10,∞,-,,,
pseudotsuga menziesii glauca,<10,∞,<10,∞,-,,,
job finanzen,<10,∞,<10,∞,-,,,
group finance,<10,-100%,<10,∞,-,,,
hays,<10,∞,<10,∞,-,,,
düsseldorf frankfurt,<10,∞,<10,∞,-,,,
net-m,<10,∞,<10,∞,-,,,
cjd waren,<10,-100%,<10,∞,-,,,
ausbildung fachinformatik,<10,∞,<10,∞,-,,,
callcenter agent leipzig,<10,∞,<10,∞,-,,,
www.deutschebahn.com,<10,∞,<10,∞,-,,,
social marketing jobs,<10,∞,<10,∞,-,,,
software qualitätssicherung,<10,∞,<10,∞,-,,,
sprachzentrum uni leipzig,<10,∞,<10,∞,-,,,
webmarketing,<10,∞,<10,∞,-,,,
auslandspraktikum ab 17,<10,∞,<10,∞,-,,,
htwk leipzig,<10,∞,<10,∞,-,,,
jobs sachbearbeiter,<10,∞,<10,∞,-,,,
schweiz praktikum,<10,∞,<10,∞,-,,,
k development,<10,∞,<10,∞,-,,,
shk leipzig,<10,∞,<10,∞,-,,,
ines ackermann,<10,∞,<10,∞,-,,,
solarion leipzig,<10,∞,<10,∞,-,,,
seo köln,<10,-100%,<10,∞,-,,,
personalentwicklung leipzig,<10,∞,<10,∞,-,,,
public relation,<10,∞,<10,∞,-,,,
trainee it,<10,∞,<10,∞,-,,,
eventmarketing,<10,∞,<10,∞,-,,,
jobimpuuls.de,<10,∞,<10,∞,-,,,
werksstudent,<10,∞,<10,∞,-,,,
sap ims,<10,-100%,<10,∞,-,,,
qm support leipzig,<10,∞,<10,∞,-,,,
jobs trainee,<10,∞,<10,∞,-,,,
schenker bewerbung leipzig,<10,∞,<10,∞,-,,,
call center agent,<10,∞,<10,∞,-,,,
pcware,<10,∞,<10,∞,-,,,
jobs lyon,<10,∞,<10,∞,-,,,
jobangebote. wien integration,<10,∞,<10,∞,-,,,
jobs manager,<10,∞,<10,∞,-,,,
stuttgart jobs,<10,∞,<10,∞,-,,,
praktikum in berlin,<10,∞,<10,∞,-,,,
pwc transaction services,<10,∞,<10,∞,-,,,
internship marketing,<10,∞,<10,∞,-,,,
internship google,<10,∞,<10,∞,-,,,
freie autoren,<10,∞,<10,∞,-,,,
fuschl red bull,<10,∞,<10,∞,-,,,
java entwickler,<10,∞,<10,∞,-,,,
jobs im fussball,<10,∞,<10,∞,-,,,
marsh gmbh frankfurt,<10,∞,<10,∞,-,,,
nike deutschland gmbh,<10,∞,<10,∞,-,,,
jobs pr,<10,∞,<10,∞,-,,,
praktikum event,<10,∞,<10,∞,-,,,
hochschule für angewandte wissenschaften bamberg,<10,-100%,<10,∞,-,,,
mdkk gmbh,<10,∞,<10,∞,-,,,
bwl marketing,<10,∞,<10,∞,-,,,
assistent social,<10,∞,<10,∞,-,,,
red bull carrer,<10,∞,<10,∞,-,,,
ein praktikant fürs leben download,<10,∞,<10,∞,-,,,
clean code,<10,∞,<10,∞,-,,,
pepsico international,<10,∞,<10,∞,-,,,
armin cossmann,<10,∞,<10,∞,-,,,
unilever deutschland gmbh,<10,∞,<10,∞,-,,,
volontariat lektorat,<10,∞,<10,∞,-,,,
independent-publishing,<10,∞,<10,∞,-,,,
commerce management,<10,∞,<10,∞,-,,,
mercator kolleg für internationale aufgaben,<10,∞,<10,∞,-,,,
kollat media,<10,∞,<10,∞,-,,,
nike deutschland frankfurt,<10,∞,<10,∞,-,,,
"internship in basel, bank",<10,∞,<10,∞,-,,,
akzeptierende jugendarbeit,<10,∞,<10,∞,-,,,
mercateo köthen,<10,∞,<10,∞,-,,,
vetter pharma,<10,∞,<10,∞,-,,,
jobs web design,<10,∞,<10,∞,-,,,
volontär unternehmenskommunikation,<10,∞,<10,∞,-,,,
junior manager,<10,∞,<10,∞,-,,,
modell hobby spiel 2011,<10,-100%,<10,∞,-,,,
cc logo,<10,∞,<10,∞,-,,,
imc networks gmbh,<10,∞,<10,∞,-,,,
enf,<10,∞,<10,∞,-,,,
jobangebote stuttgart,<10,∞,<10,∞,-,,,
html 5 3d,<10,∞,<10,∞,-,,,
vertrieb job,<10,∞,<10,∞,-,,,
external communications,<10,∞,<10,∞,-,,,
job social,<10,∞,<10,∞,-,,,
support consultant,<10,∞,<10,∞,-,,,
jobs grafik,<10,∞,<10,∞,-,,,
oxford instruments,<10,∞,<10,∞,-,,,
amazon leipzig,<10,∞,<10,∞,-,,,
berater gesucht,<10,∞,<10,∞,-,,,
kampagn,<10,∞,<10,∞,-,,,
übersetzungsmanager,<10,∞,<10,∞,-,,,
red bull fuschl jobs,<10,∞,<10,∞,-,,,
becomac gmbh,<10,-100%,<10,∞,-,,,
junior projekt,<10,∞,<10,∞,-,,,
jobs in kenya,<10,∞,<10,∞,-,,,
berlin karlsruhe,<10,∞,<10,∞,-,,,
nike deutschland,<10,∞,<10,∞,-,,,
jobs flughafen leipzig,<10,∞,<10,∞,-,,,
translate or,<10,∞,<10,∞,-,,,
leipzig 12.04.2011,<10,∞,<10,∞,-,,,
sportwissenschaftler,<10,∞,<10,∞,-,,,
flex und fair gmbh,<10,∞,<10,∞,-,,,
bw zeitz,<10,∞,<10,∞,-,,,
agilent switzerland,<10,∞,<10,∞,-,,,
volontariat münchen,<10,∞,<10,∞,-,,,
sportlehrer,<10,∞,<10,∞,-,,,
volontariat leipzig,<10,∞,<10,∞,-,,,
adoria leipzig,<10,∞,<10,∞,-,,,
legal leipzig,<10,∞,<10,∞,-,,,
trainee leipzig,<10,∞,<10,∞,-,,,
solarion ag,<10,∞,<10,∞,-,,,
alster ventures,<10,-100%,<10,∞,-,,,
pc-ware leipzig,<10,∞,<10,∞,-,,,
webdesign jobs,<10,∞,<10,∞,-,,,
jobs.alsterventures@googlemail.com,<10,∞,<10,∞,-,,,
eventmanagement leipzig,<10,∞,<10,∞,-,,,
lotum bad nauheim,<10,∞,<10,∞,-,,,
thermaflex,<10,∞,<10,∞,-,,,
aushilfe leipzig,<10,∞,<10,∞,-,,,
google online media associate program,<10,∞,<10,∞,-,,,
kommunikation jobs leipzig,<10,∞,<10,∞,-,,,
innotec marketing leipzig gmbh,<10,∞,<10,∞,-,,,
db systel frankfurt,<10,∞,<10,∞,-,,,
hamburg 25.03,<10,∞,<10,∞,-,,,
leipzig jobs,<10,∞,<10,∞,-,,,
red bull graduate programm,<10,∞,<10,∞,-,,,
bikezone sizilien,<10,∞,<10,∞,-,,,
www.gq.de,<10,∞,<10,∞,-,,,
aufgaben assistentin der geschäftsführung,<10,∞,<10,∞,-,,,
online marketing,<10,∞,<10,∞,-,,,
marketi,<10,∞,<10,∞,-,,,
html5 canvas editor,<10,∞,<10,∞,-,,,
emerging arabia,<10,∞,<10,∞,-,,,
thermaflex döschwitz,<10,∞,<10,∞,-,,,
online redakteur,<10,∞,<10,∞,-,,,
gtios,<10,∞,<10,∞,-,,,
radiozentrum leipzig,<10,∞,<10,∞,-,,,
red bull at jobs,<10,∞,<10,∞,-,,,
siemens ag - healthcare sektor,<10,∞,<10,∞,-,,,
pr-marketing,<10,∞,<10,∞,-,,,
job description template,<10,∞,<10,∞,-,,,
jobs bild,<10,∞,<10,∞,-,,,
internship berlin,<10,∞,<10,∞,-,,,
volo24.it,<10,∞,<10,∞,-,,,
trainee münchen,<10,∞,<10,∞,-,,,
psychologin gesucht,<10,∞,<10,∞,-,,,
trainee stuttgart,<10,∞,<10,∞,-,,,
rene beck,<10,∞,<10,∞,-,,,
www.kerryingredientsandflavours.gtios.com,<10,∞,<10,∞,-,,,
monika dilba,<10,∞,<10,∞,-,,,
translator deutsch russisch,<10,∞,<10,∞,-,,,
quantitative datenanalyse,<10,∞,<10,∞,-,,,
jobs analyst,<10,∞,<10,∞,-,,,
qualitätssicherung software,<10,∞,<10,∞,-,,,
gesundheitsmanagement praktikum,<10,-100%,<10,∞,-,,,
01mai2011,<10,∞,<10,∞,-,,,
c# jobs,<10,∞,<10,∞,-,,,
junior berater,<10,∞,<10,∞,-,,,
test m,<10,∞,<10,∞,-,,,
media jobs,<10,∞,<10,∞,-,,,
facebook app entwickeln,<10,∞,<10,∞,-,,,
kulturentwicklung,<10,∞,<10,∞,-,,,
cjd-waren,<10,∞,<10,∞,-,,,
arabisch job,<10,∞,<10,∞,-,,,
content ma,<10,∞,<10,∞,-,,,
sports marketing,<10,∞,<10,∞,-,,,
hinrich dreiling,<10,-100%,<10,∞,-,,,
facebook app entwicklung,<10,∞,<10,∞,-,,,
beratungsunternehmen münchen,<10,∞,<10,∞,-,,,
praktikum kanada,<10,∞,<10,∞,-,,,
modell hobby spiel,<10,∞,<10,∞,-,,,
red bull careers,<10,∞,<10,∞,-,,,
heidenheim uni,<10,∞,<10,∞,-,,,
german european school,<10,∞,<10,∞,-,,,
tvöd,<10,∞,<10,∞,-,,,
job web,<10,∞,<10,∞,-,,,
marktanalyse radio,<10,∞,<10,∞,-,,,
html 5 editor,<10,∞,<10,∞,-,,,
ukraine städte,<10,∞,<10,∞,-,,,
job marketing frankfurt,<10,∞,<10,∞,-,,,
jobportal berlin,<10,∞,<10,∞,-,,,
verlagsrepräsentant,<10,∞,<10,∞,-,,,
berufseinstieg,<10,∞,<10,∞,-,,,
www.fruehe-chancen.de,<10,∞,<10,∞,-,,,
anja schultze,<10,∞,<10,∞,-,,,
uni nairobi,<10,∞,<10,∞,-,,,
zielrichtung,<10,∞,<10,∞,-,,,
prozessanalyse,<10,∞,<10,∞,-,,,
psychologe job,<10,∞,<10,∞,-,,,
jobs vertrieb,<10,∞,<10,∞,-,,,
jobs in halle saale,<10,∞,<10,∞,-,,,
studentische hilfskraft frankfurt,<10,∞,<10,∞,-,,,
stockholm uni,<10,∞,<10,∞,-,,,
leipzig düsseldorf,<10,∞,<10,∞,-,,,
leipzig marketing,<10,∞,<10,∞,-,,,
entwicklung leipzig,<10,∞,<10,∞,-,,,
leipzig job,<10,-100%,<10,∞,-,,,
internship in marketing,<10,∞,<10,∞,-,,,
amazon leipzig telefonnummer,<10,∞,<10,∞,-,,,
gui design tool,<10,∞,<10,∞,-,,,
jobs beim mdr,<10,∞,<10,∞,-,,,
pptx online,<10,∞,<10,∞,-,,,
fachgruppe physik,<10,∞,<10,∞,-,,,
autokontor bayern gmbh,<10,∞,<10,∞,-,,,
prinovis dresden,<10,∞,<10,∞,-,,,
eines angebotes,<10,∞,<10,∞,-,,,
job arabisch,<10,∞,<10,∞,-,,,
krankenhaus in berlin,<10,∞,<10,∞,-,,,
aushilfskraft,<10,∞,<10,∞,-,,,
webgl html5,<10,∞,<10,∞,-,,,
job montpellier,<10,∞,<10,∞,-,,,
cms internet,<10,∞,<10,∞,-,,,
praktikumsangebot,<10,∞,<10,∞,-,,,
rapidminer,<10,∞,<10,∞,-,,,
3dprod,<10,∞,<10,∞,-,,,
cornelia muehlegger,<10,∞,<10,∞,-,,,
platform plattform,<10,∞,<10,∞,-,,,
webdesigner job,<10,∞,<10,∞,-,,,
junior sap consultant,<10,∞,<10,∞,-,,,
wäschepur,<10,-100%,<10,∞,-,,,
www.independent-publishing.com,<10,∞,<10,∞,-,,,
sap bw job,<10,∞,<10,∞,-,,,
kollegialität definition,<10,∞,<10,∞,-,,,
it internship,<10,∞,<10,∞,-,,,
txt e-solutions schrobback,<10,∞,<10,∞,-,,,
pr praktikum,<10,∞,<10,∞,-,,,
internship sales,<10,∞,<10,∞,-,,,
e-commerce sales,<10,∞,<10,∞,-,,,
job sportwissenschaftler,<10,∞,<10,∞,-,,,
marktforschung jobs,<10,∞,<10,∞,-,,,
praktikum rechnungswesen,<10,∞,<10,∞,-,,,
netzparität photovoltaik,<10,∞,<10,∞,-,,,
leipzig paris,<10,∞,<10,∞,-,,,
expert leipzig,<10,∞,<10,∞,-,,,
mitost e.v,<10,∞,<10,∞,-,,,
kreditorenmanagement,<10,∞,<10,∞,-,,,
research academy leipzig,<10,∞,<10,∞,-,,,
projektmanagement biotechnologie,<10,∞,<10,∞,-,,,
freie journalisten,<10,∞,<10,∞,-,,,
waren (müritz),<10,∞,<10,∞,-,,,
http://dating-1.tk,<10,∞,<10,∞,-,,,
google bucharest,<10,∞,<10,∞,-,,,
www.mercateo.com,<10,∞,<10,∞,-,,,
diplomarbeitsthemen,<10,∞,<10,∞,-,,,
jobs in lyon,<10,∞,<10,∞,-,,,
praktikum marketing hamburg,<10,∞,<10,∞,-,,,
universität gera,<10,∞,<10,∞,-,,,
siemens sektoren,<10,∞,<10,∞,-,,,
statistiker job,<10,∞,<10,∞,-,,,
jobs gesucht,<10,∞,<10,∞,-,,,
mobis parts brehna,<10,∞,<10,∞,-,,,
pr email,<10,∞,<10,∞,-,,,
tomtom business,<10,∞,<10,∞,-,,,
social network marketing,<10,∞,<10,∞,-,,,
jobangebote hannover,<10,∞,<10,∞,-,,,
online marketing hamburg,<10,∞,<10,∞,-,,,
praktikum erasmus,<10,∞,<10,∞,-,,,
job database,<10,∞,<10,∞,-,,,
diplom psychologe,<10,∞,<10,∞,-,,,
tourismus career,<10,-100%,<10,∞,-,,,
amazon logistikzentrum,<10,∞,<10,∞,-,,,
praktikum unternehmensberatung münchen,<10,∞,<10,∞,-,,,
hvhs kohren sahlis,<10,∞,<10,∞,-,,,
online marketing italien,<10,∞,<10,∞,-,,,
volontär,<10,∞,<10,∞,-,,,
job psychologe,<10,∞,<10,∞,-,,,
sportstudentin,<10,∞,<10,∞,-,,,
luxoft,<10,-100%,<10,∞,-,,,
ups trainee,<10,∞,<10,∞,-,,,
consultant crm,<10,∞,<10,∞,-,,,
inventory management,<10,∞,<10,∞,-,,,
kingme gmbh,<10,∞,<10,∞,-,,,
programm manager,<10,∞,<10,∞,-,,,
versicherungsforum leipzig,<10,∞,<10,∞,-,,,
lyon montpellier,<10,∞,<10,∞,-,,,
informatiker jobs,<10,∞,<10,∞,-,,,
poc finance,<10,∞,<10,∞,-,,,
rehau leipzig,<10,∞,<10,∞,-,,,
praktikum stunden pro woche,<10,∞,<10,∞,-,,,
uni düsseldorf jobportal,<10,∞,<10,∞,-,,,
assistenz der geschäftsführung aufgaben,<10,∞,<10,∞,-,,,
summer internships dublin ireland,<10,∞,<10,∞,-,,,
public relations job,<10,∞,<10,∞,-,,,
auto id services,<10,∞,<10,∞,-,,,
mdr job,<10,∞,<10,∞,-,,,
pc-ware.de,<10,∞,<10,∞,-,,,
call center leipzig,<10,-100%,<10,∞,-,,,
job budapest,<10,∞,<10,∞,-,,,
multiple locations,<10,∞,<10,∞,-,,,
jobportal köln,<10,∞,<10,∞,-,,,
research consultant,<10,∞,<10,∞,-,,,
praktik,<10,-100%,<10,∞,-,,,
jobs russisch,<10,∞,<10,∞,-,,,
jobs red bull,<10,∞,<10,∞,-,,,
seo jobs,<10,∞,<10,∞,-,,,
sap bw bi,<10,∞,<10,∞,-,,,
call center agent jobs,<10,∞,<10,∞,-,,,
schwebsange,<10,∞,<10,∞,-,,,
latex leipzig,<10,∞,<10,∞,-,,,
aix en provence uni,<10,∞,<10,∞,-,,,
wissenschaftliche hilfskraft,<10,∞,<10,∞,-,,,
essen leipzig,<10,∞,<10,∞,-,,,
marketingassistenz,<10,∞,<10,∞,-,,,
lusini gmbh,<10,-100%,<10,∞,-,,,
rote nasen,<10,-100%,<10,∞,-,,,
mercateo leipzig,<10,∞,<10,∞,-,,,
job gesundheitsmanagement,<10,∞,<10,∞,-,,,
studentenjobs halle saale,<10,∞,<10,∞,-,,,
lotum,<10,∞,<10,∞,-,,,
java in php,<10,∞,<10,∞,-,,,
sports media team,<10,∞,<10,∞,-,,,
rwth hochschulbibliothek,<10,∞,<10,∞,-,,,
amazon arbeitgeber,<10,∞,<10,∞,-,,,
independent publishing erfahrung,<10,∞,<10,∞,-,,,
development 9 leipzig,<10,∞,<10,∞,-,,,
summer internships dublin,<10,∞,<10,∞,-,,,
partnersuche .de,<10,∞,<10,∞,-,,,
octopus publishing group,<10,∞,<10,∞,-,,,
eol group,<10,∞,<10,∞,-,,,
waren an der müritz,<10,∞,<10,∞,-,,,
slacklinetools,<10,∞,<10,∞,-,,,
projektleitung,<10,∞,<10,∞,-,,,
praktikum im krankenhaus berlin,<10,-100%,<10,∞,-,,,
lektoratsvolontariat,<10,∞,<10,∞,-,,,
website design 2011,<10,∞,<10,∞,-,,,
asiia,<10,∞,<10,∞,-,,,
übersetzungsdienst,<10,-100%,<10,∞,-,,,
hr marketing,<10,∞,<10,∞,-,,,
job manager,<10,∞,<10,∞,-,,,
jobs in aix en provence,<10,∞,<10,∞,-,,,
internship,<10,∞,<10,∞,-,,,
job in leipzig,<10,∞,<10,∞,-,,,
univ nancy,<10,∞,<10,∞,-,,,
jobangebote köln,<10,∞,<10,∞,-,,,
q-sells,<10,∞,<10,∞,-,,,
regiocast,<10,-100%,<10,∞,-,,,
job leipzig,<10,∞,<10,∞,-,,,
career center uni leipzig,<10,∞,<10,∞,-,,,
job center leipzig,<10,∞,<10,∞,-,,,
rote nasen clowns,<10,∞,<10,∞,-,,,
tobias hanke,<10,∞,<10,∞,-,,,
autocontor berlin,<10,∞,<10,∞,-,,,
psychologe gesucht,<10,∞,<10,∞,-,,,
jobs im bereich sport,<10,∞,<10,∞,-,,,
job weißenfels,<10,∞,<10,∞,-,,,
stipendium auslandspraktikum,<10,∞,<10,∞,-,,,
graduates@swissre,<10,∞,<10,∞,-,,,
luxemburg jobs,<10,∞,<10,∞,-,,,
facebook referat,<10,∞,<10,∞,-,,,
html 5 pdf,<10,∞,<10,∞,-,,,
telesales manager,<10,∞,<10,∞,-,,,
webapplication,<10,∞,<10,∞,-,,,
web designer job,<10,∞,<10,∞,-,,,
jobs fußball,<10,∞,<10,∞,-,,,
real estate berlin,<10,∞,<10,∞,-,,,
recruiting assistant,<10,∞,<10,∞,-,,,
www.mibrag.de,<10,∞,<10,∞,-,,,
uni heidelberg verwaltung,<10,∞,<10,∞,-,,,
redakteur köln,<10,∞,<10,∞,-,,,
design praktikum,<10,∞,<10,∞,-,,,
mercator jobs,<10,∞,<10,∞,-,,,
html5 canvas pdf,<10,∞,<10,∞,-,,,
<article> html5,<10,∞,<10,∞,-,,,
jobs hochschulabsolventen,<10,∞,<10,∞,-,,,
jobs presse,<10,∞,<10,∞,-,,,
www.deutschebahn.com/stellenboerse,<10,∞,<10,∞,-,,,
pr assistant,<10,∞,<10,∞,-,,,
ratgeber netzwerk gmbh,<10,∞,<10,∞,-,,,
deutsch mobil,<10,∞,<10,∞,-,,,
valencia praktikum,<10,∞,<10,∞,-,,,
bilanzbuchhalter prüfung 28.03.2011,<10,∞,<10,∞,-,,,
rwe.com,<10,∞,<10,∞,-,,,
mail uni kl,<10,∞,<10,∞,-,,,
siemens volontariat,<10,∞,<10,∞,-,,,
luxoft.com,<10,∞,<10,∞,-,,,
flex,<10,∞,<10,∞,-,,,
jobs gesundheitswesen,<10,∞,<10,∞,-,,,
theresa kretzschmar,<10,∞,<10,∞,-,,,
jobs in uganda,<10,∞,<10,∞,-,,,
liganova . the brandretail company,<10,∞,<10,∞,-,,,
google jobs africa,<10,∞,<10,∞,-,,,
it support hamburg,<10,∞,<10,∞,-,,,
regio cast,<10,∞,<10,∞,-,,,
pc ware leipzig,<10,-100%,<10,∞,-,,,
internship great britain,<10,∞,<10,∞,-,,,
hartmann hainichen,<10,∞,<10,∞,-,,,
sales jobs,<10,∞,<10,∞,-,,,
gess singapur,<10,∞,<10,∞,-,,,
onlinemarketing berlin,<10,∞,<10,∞,-,,,
martin n. hamburg,<10,∞,<10,∞,-,,,
university stockholm,<10,-100%,<10,∞,-,,,
london erasmus,<10,∞,<10,∞,-,,,
jobs ngo,<10,∞,<10,∞,-,,,
intercafe 2011,<10,∞,<10,∞,-,,,
ravensburg universität,<10,∞,<10,∞,-,,,
it jobs frankfurt,<10,∞,<10,∞,-,,,
nike katalog 2011 pdf,<10,∞,<10,∞,-,,,
monocom,<10,∞,<10,∞,-,,,
avg alster ventures gmbh,<10,-100%,<10,∞,-,,,
e commerce online,<10,∞,<10,∞,-,,,
